label,feature_1,feature_2,feature_3,feature_4,feature_5,feature_6,feature_7,feature_8,feature_9,feature_10
36,62,221,125,92,196,112,162,102,216,164
0,141,176,166,154,117,165,94,214,228,101
48,37,82,61,113,42,168,101,226,224,131
44,86,189,216,36,58,91,200,226,247,200
22,158,187,66,196,71,224,174,72,232,165
18,49,159,151,77,230,164,133,148,177,74
0,151,180,152,141,100,157,122,224,254,100
46,73,107,109,181,73,46,118,88,209,68
7,230,130,236,145,174,8,88,31,69,41
42,239,239,117,63,146,128,233,29,194,78
26,88,47,43,226,149,172,78,132,15,111
37,165,96,197,154,62,53,204,224,111,145
40,97,226,48,244,193,114,72,65,148,14
31,201,55,44,32,163,66,103,133,223,173
35,163,22,110,119,141,157,80,57,93,221
33,56,191,40,178,184,214,73,93,151,79
15,53,218,54,171,32,224,207,145,105,30
25,97,238,197,203,207,47,135,142,232,71
26,81,36,21,230,156,190,82,145,13,113
11,109,200,176,92,200,97,212,139,225,165
46,57,114,102,182,72,64,110,94,201,72
39,45,112,86,188,25,236,96,105,21,58
19,107,61,74,227,176,129,58,82,31,102
21,210,77,164,73,23,184,64,96,151,209
34,88,67,124,26,182,32,123,81,129,227
19,101,68,52,223,176,105,61,61,19,122
13,160,109,50,86,135,147,143,162,155,111
43,65,167,61,177,122,105,142,86,180,122
26,71,39,24,216,165,181,62,151,15,125
16,171,104,169,195,223,208,28,88,191,53
0,129,184,165,142,104,170,119,220,224,76
28,69,208,164,25,104,47,244,117,119,162
46,73,103,96,177,66,59,113,85,198,64
6,65,39,160,29,48,92,194,37,192,24
17,120,21,55,30,166,54,86,209,169,19
3,74,198,120,144,32,147,151,155,222,165
44,92,201,222,24,80,94,196,226,235,213
41,20,108,39,81,54,72,46,28,30,165
8,90,106,15,186,133,61,135,42,148,216
17,133,37,54,20,213,69,103,229,169,20
31,194,47,44,36,175,70,112,132,210,162
8,76,103,40,185,134,65,131,24,141,219
30,227,185,92,29,113,66,43,39,158,28
35,162,20,121,134,140,159,65,57,96,224
33,46,200,43,176,204,194,51,109,129,72
49,73,162,214,110,131,64,113,93,78,128
20,98,176,97,54,19,22,164,127,126,205
19,103,53,54,229,159,140,59,68,26,109
13,136,112,63,82,134,150,130,162,157,109
22,155,194,85,183,49,225,167,72,225,182
42,222,240,104,44,158,123,236,39,186,81
14,212,93,124,226,190,173,42,221,180,244
8,75,100,19,164,146,71,145,32,142,209
49,75,147,208,105,140,74,124,109,43,128
32,78,46,27,80,84,105,174,169,78,110
33,70,188,42,169,195,186,83,102,150,82
26,85,44,23,230,154,178,79,153,9,133
16,170,106,182,219,221,223,20,95,180,32
24,190,61,139,51,186,89,144,57,53,120
25,84,233,189,184,223,38,143,156,248,59
28,96,184,163,20,89,58,238,127,145,168
8,84,118,43,156,125,64,123,27,144,215
49,83,167,217,106,132,73,124,106,77,124
37,181,83,188,154,54,26,195,228,120,146
35,149,27,131,123,125,175,70,45,105,235
44,104,200,204,25,75,99,185,236,243,231
23,59,70,129,45,55,107,83,118,76,151
35,162,24,121,138,144,173,91,45,92,221
9,86,163,48,180,79,47,133,24,185,28
11,113,200,185,72,197,114,223,146,227,160
49,79,153,218,93,146,60,119,109,91,127
32,74,65,31,93,72,106,174,168,79,94
34,95,56,122,33,202,33,117,69,151,222
21,227,63,160,72,22,185,82,90,133,196
24,220,33,137,43,177,116,149,72,36,113
5,148,114,245,48,64,53,177,85,113,79
15,51,201,71,162,55,222,192,139,84,28
0,147,174,147,153,111,139,115,217,232,104
27,234,244,101,225,62,232,225,196,160,208
0,131,170,143,138,112,160,122,211,226,95
38,205,99,226,140,197,224,196,53,158,104
13,152,115,62,96,129,157,145,169,144,102
37,162,94,185,151,64,44,195,234,113,152
41,37,112,30,90,59,71,40,5,35,157
20,87,166,98,59,23,29,176,109,132,203
33,43,197,42,170,196,191,74,108,142,87
14,223,102,115,193,192,172,31,206,165,230
7,226,115,227,153,161,16,73,54,78,49
38,197,116,229,151,183,224,194,47,156,111
1,184,130,149,226,34,28,28,219,191,205
47,115,239,151,209,224,187,157,228,233,120
20,92,189,105,64,37,11,165,103,128,210
9,78,156,40,165,73,51,125,0,192,26
45,73,239,82,71,223,63,153,19,177,212
44,102,192,223,12,79,89,200,227,226,198
31,196,37,24,31,157,67,126,137,186,172
23,57,68,135,15,70,123,92,118,71,161
9,94,157,46,173,80,53,143,19,197,20
9,71,141,58,178,65,39,156,20,212,23
35,166,23,119,143,130,162,89,36,94,225
33,42,189,28,180,200,201,77,97,134,76
35,156,0,98,123,135,169,67,59,105,240
6,38,34,149,52,47,98,195,44,192,40
17,134,20,71,28,202,65,119,221,168,24
0,147,152,163,133,110,161,121,210,223,112
38,217,117,213,149,193,222,180,54,161,108
36,66,230,125,118,199,117,179,109,220,181
20,89,171,102,57,27,43,158,115,119,230
17,135,25,62,11,189,77,97,216,171,32
32,75,34,16,68,75,115,161,182,74,94
15,40,224,58,151,49,192,183,144,114,30
22,171,213,75,190,46,234,165,66,233,173
43,64,169,80,152,118,121,144,83,174,118
25,85,218,197,203,212,27,131,142,245,85
42,237,233,109,61,166,126,244,34,183,73
38,223,138,243,153,191,204,208,39,149,103
27,215,207,108,218,77,231,223,177,155,205
17,135,18,65,19,188,57,86,209,172,11
25,103,225,188,196,223,23,134,153,228,87
14,225,93,110,217,192,167,51,213,175,224
49,84,146,215,113,151,62,115,87,72,131
15,62,203,64,143,62,209,184,139,96,9
32,68,46,32,80,60,111,159,173,56,104
2,224,185,109,182,58,166,41,221,130,102
16,164,111,179,221,233,204,12,108,180,63
6,48,39,174,38,51,99,181,33,192,41
32,70,36,26,86,71,109,173,170,67,101
30,234,194,80,30,100,51,57,22,170,10
26,57,39,33,232,175,184,87,139,10,116
3,73,179,122,149,14,141,165,144,219,167
7,231,123,233,163,187,26,86,49,88,47
5,159,123,245,32,67,46,151,68,117,65
4,94,116,188,38,165,167,53,36,84,84
15,40,199,71,154,44,203,189,129,105,43
40,102,211,43,239,199,114,110,69,150,23
34,97,70,124,25,185,31,136,87,133,217
12,161,123,230,156,106,157,15,68,155,75
48,51,91,43,94,50,141,99,201,227,135
33,62,190,38,166,198,186,72,82,144,68
41,22,106,49,79,78,72,52,3,24,139
17,131,32,57,34,185,61,91,224,173,32
44,90,195,232,47,82,91,200,238,241,206
12,173,131,227,155,122,153,19,84,161,66
0,141,166,145,138,100,168,116,215,233,118
44,74,200,218,41,65,94,209,233,243,215
42,221,241,95,65,149,133,230,36,192,73
33,42,196,35,175,199,192,80,99,145,71
35,159,16,115,124,132,172,77,45,82,220
9,95,178,39,179,83,59,152,22,187,27
27,228,208,90,239,59,197,214,190,154,225
33,46,188,19,175,210,191,81,90,143,78
39,33,114,74,201,15,255,90,87,23,63
2,235,204,130,187,40,169,45,220,141,116
38,216,109,235,141,194,227,195,45,155,83
5,157,106,241,42,54,52,164,61,127,52
48,44,104,58,111,59,155,98,222,234,140
12,164,129,220,166,98,152,23,101,143,83
20,69,155,105,66,15,17,160,109,143,225
45,87,227,76,29,215,71,191,25,171,212
11,115,212,175,99,199,103,215,159,201,165
32,69,33,42,79,78,121,165,176,65,98
39,31,105,70,205,27,231,101,94,8,60
19,94,63,58,234,173,136,72,77,0,117
40,95,231,47,223,207,111,84,72,151,27
11,111,205,158,99,201,104,204,142,205,159
13,154,116,69,85,146,157,142,168,170,111
24,203,42,139,58,166,100,140,59,47,124
40,90,216,62,217,206,108,86,70,152,33
9,107,153,49,182,87,60,141,29,192,13
10,160,86,193,233,80,159,143,144,62,217
41,20,106,32,74,74,82,50,9,26,155
17,143,14,67,18,181,65,91,235,159,28
43,67,164,61,165,129,98,131,77,163,101
42,215,239,118,64,167,131,240,21,194,80
15,41,214,48,134,46,209,203,148,102,39
37,171,80,185,163,60,59,196,239,119,153
42,216,235,90,79,149,126,244,24,199,83
24,212,40,150,54,196,91,141,52,49,122
40,99,222,37,219,210,105,81,60,143,26
21,224,72,157,77,23,188,90,95,143,173
27,235,210,90,217,60,249,229,191,140,207
13,146,110,53,89,136,125,139,178,150,102
42,234,251,109,46,134,137,232,17,170,82
0,129,162,167,140,114,158,109,199,227,94
30,217,181,91,40,103,67,40,20,178,4
16,177,118,175,213,232,199,19,82,193,53
43,60,165,77,148,135,110,139,94,181,121
1,188,125,143,220,35,30,16,209,179,210
1,190,131,155,221,32,18,21,204,189,219
0,146,150,147,141,105,147,120,215,221,103
43,56,158,80,182,119,123,127,95,155,110
18,46,153,148,60,220,154,143,150,174,91
35,165,23,105,137,129,164,53,49,98,215
10,166,73,189,227,80,142,146,141,67,232
18,63,151,158,72,215,141,141,150,187,84
41,15,104,41,83,76,69,36,17,35,150
37,171,95,189,168,67,21,203,217,105,152
30,218,203,84,31,108,69,28,31,167,26
10,159,60,193,230,83,163,134,135,45,223
4,94,121,173,31,168,168,62,57,96,102
8,88,103,33,168,128,90,129,38,132,210
4,111,110,169,30,174,157,68,41,76,101
33,45,191,44,178,196,190,80,83,127,72
0,130,171,161,134,106,155,114,209,215,93
49,80,146,217,113,130,89,124,116,80,128
29,91,61,207,58,120,65,32,201,237,229
30,229,185,86,32,110,56,40,20,165,33
19,91,47,50,228,180,133,67,72,25,120
45,72,235,87,19,225,76,166,32,167,212
11,112,223,169,87,196,89,204,127,213,169
14,210,97,107,218,200,172,35,215,167,234
0,149,167,162,143,116,170,104,209,238,77
4,93,116,172,27,167,176,60,51,58,88
1,200,128,147,216,27,36,28,198,174,224
43,59,164,76,150,125,121,133,85,178,105
19,118,61,55,233,182,115,61,55,22,107
47,114,222,151,215,218,185,173,237,226,99
34,106,50,108,21,182,30,134,93,140,218
0,156,160,152,160,112,169,99,197,225,110
48,44,82,64,118,45,156,97,197,228,135
44,81,206,226,25,83,108,203,229,221,204
46,90,95,105,193,63,54,108,85,205,76
20,97,173,104,62,24,18,165,114,130,209
29,89,44,196,51,129,90,16,195,227,225
47,117,228,149,223,233,189,151,226,233,118
36,64,215,146,123,211,107,166,96,216,173
33,53,189,56,172,171,189,51,115,154,76
15,46,220,59,144,43,203,195,132,111,33
4,91,112,188,25,168,156,58,45,84,109
27,236,224,101,220,71,231,233,203,163,201
29,111,58,209,69,128,59,47,212,229,233
0,137,172,138,138,122,165,118,201,234,102
21,212,76,178,83,23,193,72,104,156,205
33,45,195,29,186,193,207,69,101,150,78
37,168,108,177,180,60,49,178,241,112,134
49,69,143,225,119,144,64,126,104,58,113
17,131,32,80,14,217,62,108,218,168,23
21,241,58,180,75,13,189,81,94,140,206
49,86,148,208,111,145,73,118,113,77,128
49,92,143,223,106,126,88,118,112,47,133
35,143,30,109,140,142,184,75,46,94,231
18,41,160,146,71,228,162,133,149,183,86
41,25,116,27,77,72,63,51,30,27,144
24,214,39,133,45,170,94,145,76,52,107
15,39,187,52,163,48,204,201,135,92,27
28,80,221,139,26,83,52,247,116,136,157
16,168,119,190,211,236,198,25,98,172,44
30,226,190,96,33,94,75,47,19,185,13
13,155,110,43,84,139,151,147,151,165,109
7,223,116,219,154,167,36,82,48,80,33
31,198,50,32,34,155,69,103,145,209,168
37,174,88,191,157,75,42,191,221,107,147
24,205,41,136,38,167,94,155,50,49,135
28,73,190,167,29,104,33,234,125,129,168
14,206,107,114,218,203,166,39,215,162,244
14,234,91,125,222,193,164,39,236,184,239
2,226,190,121,180,40,152,43,224,121,105
15,57,212,44,173,25,203,207,159,94,32
3,87,193,115,143,15,148,145,142,232,163
2,229,191,105,185,45,173,40,232,117,102
46,87,105,115,188,83,50,108,90,216,61
42,233,217,117,39,163,140,223,20,184,87
41,25,123,38,61,69,82,36,15,42,168
31,195,56,49,34,170,65,112,115,209,172
2,233,189,103,196,35,141,61,230,118,97
19,99,73,70,223,176,126,69,84,26,126
13,158,114,42,89,144,163,145,167,145,107
43,63,169,75,154,113,108,146,63,165,100
45,80,229,79,43,221,68,169,34,170,223
37,184,93,183,163,68,42,175,229,134,159
16,168,113,172,210,228,198,23,85,188,50
6,42,36,153,48,73,102,196,40,190,34
35,161,9,103,131,129,155,93,52,97,226
15,55,216,67,156,47,204,201,121,109,39
43,59,179,68,164,148,118,146,74,178,116
0,123,161,142,150,117,173,100,195,224,102
19,115,67,66,216,170,117,58,60,9,110
42,227,233,109,74,165,126,231,18,184,104
13,148,115,42,80,138,165,144,162,145,113
2,236,203,111,186,48,135,35,229,124,115
10,160,74,185,227,69,143,149,152,54,232
21,228,43,169,83,28,183,96,94,139,209
9,88,154,46,187,64,52,143,23,203,35
2,231,192,112,190,43,158,50,219,120,112
39,26,104,69,195,18,241,93,90,8,67
26,79,34,25,226,159,203,90,164,7,112
6,46,44,154,51,57,89,187,27,186,46
46,74,89,98,197,78,49,119,96,197,67
27,229,218,90,225,64,223,215,194,149,223
25,112,230,189,181,217,36,133,146,213,80
12,169,129,238,164,117,150,25,86,160,59
3,71,212,128,149,11,153,153,162,233,175
48,21,68,55,110,50,147,92,209,230,133
29,102,42,212,59,129,61,33,204,243,231
17,142,28,52,27,183,48,94,222,160,24
35,158,13,130,127,144,162,85,34,93,215
49,86,144,217,111,129,75,108,109,57,124
1,192,123,141,216,45,39,19,196,196,210
46,79,95,105,174,70,40,116,89,201,72
24,215,40,144,42,170,98,144,67,49,139
13,141,115,45,87,162,130,142,161,158,110
45,81,239,81,44,210,69,162,18,181,215
27,236,198,91,234,59,227,197,181,156,207
15,45,226,55,155,52,217,176,147,91,31
18,50,158,137,73,222,154,134,143,178,89
9,78,163,59,163,87,56,137,21,197,10
25,83,249,177,173,204,34,158,159,238,84
19,105,63,65,237,181,125,79,72,20,110
2,230,190,126,188,48,153,45,221,122,113
42,233,229,114,50,146,115,223,26,197,82
9,95,169,37,179,81,69,130,14,208,8
35,156,35,113,124,155,181,65,30,97,227
8,98,94,51,169,146,78,123,30,122,209
40,110,223,39,244,209,111,82,64,158,46
7,230,121,233,142,181,15,87,43,78,25
34,110,46,113,34,201,31,141,90,135,220
1,188,139,157,220,36,33,12,202,190,210
35,167,25,118,136,146,160,80,43,90,218
32,80,36,37,99,81,110,164,181,70,100
29,100,40,202,57,129,56,41,218,226,233
27,238,206,88,237,52,231,214,185,152,197
16,165,111,193,227,240,202,17,96,177,55
27,232,212,105,236,80,239,227,194,155,202
40,104,221,50,232,215,113,92,62,156,15
32,70,32,39,74,66,105,148,165,66,110
2,206,202,137,195,44,165,50,230,129,101
28,105,195,140,22,95,48,239,124,121,161
36,61,219,126,98,214,126,170,111,234,186
44,94,196,233,23,73,108,189,236,214,218
14,217,105,109,214,199,173,38,212,186,231
39,27,118,61,202,35,241,96,87,14,62
22,152,222,82,194,44,233,168,45,235,184
49,73,162,221,111,139,75,116,115,64,128
20,78,174,91,53,23,23,153,127,139,207
15,64,197,57,153,31,218,198,148,86,22
31,211,57,55,27,152,84,90,143,213,168
45,72,223,95,43,219,50,168,21,185,200
25,81,228,185,178,229,35,144,164,230,75
31,194,47,44,35,154,76,118,128,203,176
38,204,120,226,131,205,231,204,41,161,108
46,93,111,104,190,80,40,105,81,196,73
25,106,226,169,181,223,26,147,141,224,96
13,161,117,48,86,133,160,144,139,155,103
3,89,174,123,152,21,153,150,141,225,170
47,128,222,167,191,225,182,170,229,224,106
15,62,213,62,162,47,198,188,141,98,37
26,50,47,15,225,156,182,68,139,38,142
41,20,95,41,73,76,63,48,14,30,145
47,133,222,167,217,228,188,179,248,238,116
2,217,198,117,191,52,160,55,237,132,117
41,0,126,26,78,71,61,51,43,31,155
16,168,103,175,209,231,194,14,102,179,56
6,43,38,164,44,55,95,185,33,197,27
41,16,110,36,68,48,75,39,16,34,161
0,133,173,144,137,95,164,104,215,217,95
38,199,136,236,158,190,228,202,53,173,100
25,91,226,167,181,204,36,123,139,230,81
7,233,105,227,154,187,24,78,29,71,47
1,198,128,138,223,10,21,17,188,178,203
19,113,72,67,215,179,131,61,64,10,102
9,102,160,44,169,71,57,139,30,193,31
18,42,151,127,64,223,158,129,140,181,81
4,99,103,178,45,162,169,65,38,95,111
42,228,228,114,44,158,102,226,35,177,81
22,152,211,72,200,76,219,173,57,226,183
27,246,212,98,239,56,222,226,202,163,198
30,216,188,92,33,102,59,44,31,181,21
48,37,84,36,117,61,141,106,200,217,130
22,146,219,61,197,57,238,178,86,200,167
40,120,223,39,229,221,103,100,52,145,40
22,156,217,64,193,65,236,174,69,223,170
25,91,221,176,184,210,37,139,159,244,87
1,190,135,133,231,42,26,17,192,194,197
46,58,83,109,175,69,39,113,96,203,76
32,86,34,36,86,73,119,165,180,65,88
24,201,37,138,42,172,96,145,56,59,119
7,233,121,226,139,179,21,78,52,64,52
6,37,46,174,63,57,87,205,32,201,35
45,74,228,68,37,224,71,179,42,182,206
29,97,67,216,59,131,83,32,207,230,215
2,233,206,112,188,48,167,52,202,120,111
35,162,20,113,121,145,166,84,45,95,220
18,49,162,157,72,228,162,141,133,175,83
25,110,230,202,171,221,20,135,138,223,95
29,92,55,200,54,112,76,19,216,241,218
48,14,83,61,95,24,160,98,218,232,119
19,111,63,59,228,173,124,70,67,25,101
11,114,202,163,83,201,101,196,143,204,168
33,67,209,29,171,192,192,82,83,147,64
1,199,125,165,212,29,40,22,207,183,206
10,158,72,185,224,53,142,137,125,69,239
0,142,163,151,130,99,150,128,212,223,105
34,89,48,124,42,185,30,119,92,133,228
12,167,111,239,157,102,156,14,89,163,75
24,215,40,138,46,179,111,142,69,33,115
5,149,112,237,43,62,51,151,62,108,76
48,48,72,75,113,44,164,104,221,236,132
29,111,25,200,62,136,67,26,204,241,240
23,60,75,140,0,82,106,114,135,70,143
10,161,79,173,245,77,145,139,133,52,212
30,212,184,106,37,100,69,48,23,170,20
48,52,68,54,102,48,148,99,226,228,129
23,77,59,130,28,59,115,81,103,73,134
20,92,164,115,69,17,32,170,138,143,205
2,234,193,121,190,54,155,46,240,129,127
38,197,128,234,144,199,236,188,42,159,102
15,38,205,77,172,47,216,207,130,109,30
28,67,209,163,8,103,37,225,116,114,157
48,27,63,52,112,27,153,109,203,228,138
30,239,179,86,34,100,59,47,27,171,6
3,68,190,120,150,7,149,159,146,216,183
6,43,27,153,64,59,118,202,42,204,47
8,73,107,46,171,143,80,137,34,128,216
17,121,29,63,23,186,55,95,219,172,24
35,169,9,122,138,132,172,80,56,98,236
15,48,218,61,154,51,200,211,147,81,27
34,94,39,122,26,188,33,129,83,139,217
11,110,200,176,65,202,114,208,156,216,159
40,99,213,32,235,198,108,80,87,155,31
44,98,207,210,10,60,102,188,212,229,219
16,167,124,205,196,233,220,16,90,192,51
46,71,75,121,167,66,61,126,71,197,59
46,79,96,115,188,61,61,116,75,187,39
18,59,162,138,77,213,156,131,150,184,84
13,142,122,42,73,151,144,150,165,150,97
44,84,202,226,28,61,88,197,228,226,214
13,161,110,40,96,133,168,140,161,159,115
46,71,79,89,176,81,65,115,83,209,71
49,66,162,217,114,132,90,114,104,64,128
37,155,92,198,150,79,37,202,222,124,130
23,55,63,134,7,53,111,103,115,72,159
22,149,210,77,181,52,235,157,70,228,190
3,78,177,128,160,19,168,153,170,235,152
28,77,217,168,3,95,58,232,121,117,160
14,220,98,116,228,170,171,24,221,184,227
39,35,108,81,196,21,234,90,112,27,69
38,203,126,236,152,213,210,190,55,151,103
9,81,153,30,178,89,69,136,40,213,30
45,91,230,73,37,230,66,166,31,172,212
32,82,31,14,89,93,115,166,176,62,94
16,164,117,172,218,223,211,7,96,180,64
40,104,226,41,230,203,123,95,73,148,22
6,64,34,167,41,69,94,197,22,205,54
36,55,206,155,120,201,98,190,118,209,175
8,90,111,42,181,138,69,138,32,149,223
29,112,35,197,49,132,74,59,196,255,238
9,81,176,56,179,87,48,151,22,183,21
14,202,92,122,223,187,193,21,216,179,231
42,231,248,106,66,154,119,228,38,186,74
15,64,205,60,153,35,207,175,138,102,30
41,23,119,41,85,62,56,31,13,33,159
32,62,38,24,76,70,130,175,171,74,104
4,111,101,178,35,158,169,66,34,84,88
17,130,26,64,20,180,65,88,218,159,25
44,88,189,228,24,54,98,186,242,231,210
14,217,69,117,218,197,189,33,217,165,229
18,38,134,136,71,214,161,118,147,178,87
0,140,181,152,144,113,143,113,220,235,97
7,224,136,232,160,170,36,91,45,67,43
27,235,217,90,230,50,224,226,181,170,201
34,92,55,134,34,194,42,123,82,145,236
19,122,62,48,223,185,112,60,88,25,97
20,79,163,92,68,30,33,168,127,145,199
32,66,42,30,89,72,118,161,170,70,93
34,117,79,126,17,175,9,151,85,145,222
10,178,77,191,247,82,148,143,149,62,222
22,152,191,85,195,65,229,170,67,223,164
10,165,85,182,222,70,139,151,139,60,215
46,82,104,104,173,64,61,123,85,215,79
23,72,59,130,27,65,111,106,136,64,151
0,133,155,154,138,104,151,108,214,225,122
31,205,62,31,47,179,52,108,133,201,173
49,76,160,215,113,136,61,131,101,59,123
41,26,114,20,78,73,86,39,12,36,147
18,79,141,150,81,219,146,135,146,160,105
32,65,43,33,95,70,131,159,170,55,108
32,83,38,28,91,79,128,153,163,78,88
32,92,29,32,85,73,118,158,172,73,108
49,78,159,215,107,135,80,118,109,64,124
29,88,34,206,66,135,75,51,197,235,231
24,197,41,136,48,181,109,125,48,52,119
3,76,203,129,149,15,143,144,166,225,162
32,76,58,42,85,77,127,160,171,82,103
42,243,229,106,44,158,134,224,37,172,74
7,220,131,219,144,157,18,75,39,77,36
43,78,162,76,155,134,107,145,84,172,108
25,103,221,195,166,219,31,153,155,220,79
36,53,211,135,134,204,112,169,113,223,173
2,242,201,143,189,42,145,44,218,125,92
8,92,93,27,174,136,89,137,34,137,221
22,160,204,67,190,53,227,167,66,215,194
28,81,207,158,5,82,37,239,124,117,144
31,198,56,45,41,166,63,120,150,204,182
2,245,194,131,194,49,152,48,226,123,100
36,60,220,135,106,211,106,169,95,211,184
28,82,203,139,15,80,43,228,113,114,149
25,91,236,181,185,218,27,139,141,226,81
11,118,204,163,94,176,112,208,143,206,172
16,182,129,177,214,215,202,17,88,192,60
46,78,83,93,183,49,54,109,81,205,74
38,202,118,239,135,213,214,192,51,145,99
47,117,232,163,218,230,184,176,247,234,135
20,69,171,104,50,5,21,162,123,138,210
5,137,121,227,44,51,48,140,65,102,67
15,28,213,55,152,43,186,201,142,125,38
47,127,221,156,208,249,184,161,238,236,113
4,94,125,167,36,173,167,61,33,71,100
19,98,59,51,225,181,133,46,69,12,99
11,124,212,186,79,201,116,207,138,223,169
4,93,101,176,32,161,165,66,53,86,105
18,60,147,148,85,235,152,134,141,173,89
35,157,17,115,122,136,168,67,48,89,225
22,160,218,87,202,48,224,181,64,233,184
33,49,190,31,174,174,191,73,101,151,71
25,98,228,191,182,206,31,137,155,219,75
5,144,103,233,23,54,47,164,69,115,67
8,84,102,42,175,150,61,126,37,137,219
40,100,232,61,224,216,120,85,67,153,22
40,91,223,45,235,213,109,84,68,152,33
45,90,242,70,33,230,75,190,34,182,228
9,88,138,52,174,71,54,155,11,213,26
48,21,63,50,113,31,154,97,211,235,135
23,73,57,124,40,50,124,98,121,81,155
11,115,214,176,77,191,88,218,146,204,155
29,102,46,214,70,124,40,24,210,233,232
48,39,84,46,126,35,140,105,219,240,133
46,80,103,95,187,62,58,124,82,195,74
20,68,159,104,52,19,22,161,114,115,211
21,238,69,157,85,21,180,74,111,145,202
9,101,163,47,164,65,53,134,27,192,13
11,116,215,172,80,195,110,206,132,220,156
43,70,169,74,186,128,105,136,84,165,108
39,38,113,75,211,35,227,103,95,17,57
28,79,214,154,14,82,41,223,114,110,165
14,206,102,114,210,185,170,41,227,173,231
0,145,176,151,132,96,167,110,211,246,106
34,100,63,113,35,199,39,136,75,135,217
33,58,180,33,169,190,171,66,104,142,79
40,96,228,46,227,213,113,100,53,149,23
43,67,154,67,169,126,110,136,80,159,94
30,210,186,94,39,104,62,36,23,163,33
15,63,209,65,153,48,208,201,137,104,30
39,50,116,76,205,33,240,92,96,15,66
49,89,147,213,111,128,62,115,94,58,127
16,168,131,181,203,232,208,17,104,171,46
1,187,122,153,235,25,19,29,182,176,215
19,116,71,64,234,188,120,92,78,25,116
4,101,116,146,37,145,172,60,55,81,88
2,234,196,131,182,35,170,34,213,136,109
12,182,131,245,166,105,152,26,91,152,86
18,44,161,155,63,215,158,141,144,189,80
31,187,51,63,39,159,64,108,133,207,175
16,166,106,180,209,215,212,16,107,169,53
37,162,84,194,146,65,47,171,223,118,145
6,38,23,175,55,67,96,191,36,202,30
13,162,120,46,87,144,161,126,167,155,108
43,80,170,75,162,136,122,139,84,163,107
7,229,122,239,159,178,16,78,39,92,54
48,9,85,50,116,46,150,94,217,215,138
31,195,53,42,30,157,76,119,142,212,189
47,111,220,158,223,221,191,175,236,222,109
10,159,52,179,232,60,139,160,143,74,223
28,84,226,148,5,87,39,233,116,131,162
7,217,102,238,153,180,9,88,52,70,53
2,238,189,122,205,47,151,48,216,143,102
37,175,83,172,173,69,39,184,237,112,148
34,105,61,117,34,190,33,129,74,141,228
45,92,226,70,41,212,69,167,19,173,206
48,20,68,50,114,27,156,119,218,221,131
10,161,85,167,255,57,146,145,136,67,234
24,201,35,132,57,186,111,147,62,17,120
1,189,125,145,207,44,23,20,198,180,199
36,60,218,140,127,196,120,177,94,205,169
30,231,195,87,54,96,75,42,45,178,18
10,157,57,184,230,75,150,156,142,66,221
40,110,230,53,235,206,131,90,60,153,18
23,79,62,135,21,67,95,85,116,83,152
19,107,64,62,231,200,121,64,65,16,122
46,88,108,97,200,83,46,125,87,208,73
5,147,122,243,32,48,54,177,65,114,61
16,170,122,169,213,255,191,16,85,178,63
11,119,194,174,86,182,111,202,139,200,168
39,27,104,78,203,30,249,99,114,9,48
30,221,185,79,39,115,58,43,26,176,27
24,207,50,139,55,183,87,147,58,33,121
18,53,155,139,72,222,150,146,132,182,82
2,240,199,111,187,45,155,63,221,127,114
36,73,225,134,118,230,122,172,108,221,178
18,59,155,154,71,218,165,133,156,184,88
19,110,61,50,230,175,116,69,72,35,114
14,223,77,125,219,174,174,41,208,172,221
36,67,223,120,119,210,115,173,115,207,157
5,140,105,222,44,69,67,152,84,128,72
5,149,112,226,45,72,56,166,56,108,74
2,245,203,145,189,34,152,42,229,109,119
47,133,232,154,209,213,187,184,230,246,138
48,28,80,67,115,48,137,96,226,230,146
16,174,122,177,210,225,211,23,101,180,66
14,217,103,128,222,198,173,49,212,169,223
44,100,214,226,47,63,113,203,237,232,208
45,85,238,62,68,240,61,175,28,172,200
3,72,196,108,157,22,152,155,154,222,163
48,42,77,62,101,51,148,98,212,239,134
47,129,216,162,207,211,213,178,246,236,123
0,135,173,151,138,111,149,110,226,226,97
8,84,101,40,165,132,63,135,42,126,225
1,196,116,144,225,24,47,21,213,180,199
5,128,109,235,49,61,45,170,70,111,75
43,47,160,83,148,127,103,142,77,181,103
27,224,227,83,232,72,237,218,186,148,204
38,217,118,236,140,195,219,193,56,165,102
9,73,160,54,182,78,60,146,19,207,28
18,58,155,134,74,228,142,139,160,169,80
27,230,208,93,226,65,235,215,178,158,207
11,112,199,165,89,190,108,207,133,222,184
39,24,107,77,211,31,234,92,105,3,58
17,116,29,57,27,193,69,82,217,167,32
47,124,230,152,216,223,192,190,225,236,118
32,90,56,29,89,58,119,172,162,81,104
18,52,148,156,51,219,152,135,140,165,72
43,74,162,76,174,132,104,146,92,178,97
34,106,39,124,15,185,41,126,96,160,232
0,129,168,132,141,91,155,110,207,246,109
1,177,129,140,223,42,33,20,201,189,198
13,146,104,55,90,146,154,131,155,141,118
7,240,122,230,155,187,35,89,48,68,31
8,85,103,26,175,163,88,131,45,149,214
46,63,99,86,187,74,47,116,86,187,61
36,54,217,154,123,203,112,177,98,220,159
25,88,227,180,183,209,39,132,144,246,72
9,71,165,61,173,87,48,145,28,200,13
46,77,96,105,193,75,59,141,85,216,61
40,104,239,32,229,207,119,86,70,145,22
36,68,215,142,126,201,125,164,107,222,171
31,191,43,30,35,171,87,110,142,216,171
48,41,71,51,114,48,154,103,210,227,142
37,168,81,183,148,67,32,202,220,123,161
40,114,216,37,235,215,119,87,75,150,32
17,131,27,57,32,196,57,86,213,183,11
49,88,145,226,109,134,72,120,108,70,96
24,210,26,141,53,179,117,144,63,46,119
22,150,210,86,181,50,229,178,69,219,176
45,78,240,93,51,216,67,155,31,171,213
30,217,186,109,34,119,60,43,26,174,9
9,72,183,55,171,81,66,137,38,189,16
18,45,138,145,79,211,142,146,132,178,91
37,172,83,199,148,68,52,184,224,112,141
23,68,69,145,16,56,112,92,115,67,133
7,229,106,247,147,191,17,73,54,86,19
26,66,30,18,229,164,192,64,129,33,121
8,89,120,40,175,131,61,132,33,141,221
37,194,101,184,169,81,53,201,225,113,152
4,105,102,172,42,147,161,49,37,72,107
17,125,12,59,23,182,69,90,223,157,20
41,19,81,30,63,73,67,47,16,19,154
41,17,117,39,86,61,68,49,12,22,157
33,73,185,32,156,174,178,73,90,146,64
8,87,91,27,164,143,66,125,47,153,216
22,143,216,69,191,67,235,171,69,245,192
18,55,169,159,66,214,158,130,145,155,83
40,91,233,13,233,202,134,91,66,158,16
45,88,244,66,47,223,68,175,37,177,210
17,135,52,62,16,190,62,99,212,164,24
13,144,104,53,80,154,159,144,161,157,114
20,96,183,84,67,17,34,153,123,125,202
10,163,60,190,223,78,137,155,159,46,222
48,39,90,51,99,48,147,97,211,227,130
22,166,213,80,174,55,225,175,66,232,175
1,192,147,151,230,27,41,22,212,206,204
34,101,59,131,26,199,26,137,87,135,220
26,66,36,17,230,164,188,78,140,48,143
38,200,117,216,156,180,218,201,52,138,100
9,90,178,47,169,90,42,162,12,205,26
8,87,93,30,188,133,59,133,44,152,215
35,159,29,103,117,129,168,71,40,87,220
0,146,188,131,147,90,164,123,213,218,95
43,60,150,72,166,128,114,145,74,159,96
43,74,156,58,169,148,117,133,81,177,102
23,63,73,123,10,56,130,95,103,71,138
27,242,218,78,233,62,211,221,186,153,201
16,174,118,166,212,231,206,10,93,171,43
9,92,175,53,186,65,50,144,18,198,13
21,231,63,160,70,11,193,78,90,153,190
11,119,220,173,96,206,109,226,142,209,181
23,71,62,127,23,49,101,90,116,67,147
36,54,212,149,121,212,137,163,103,216,156
22,167,208,95,188,72,234,167,70,249,168
22,141,207,88,191,61,217,171,56,233,169
5,131,107,244,46,53,54,161,68,103,69
33,49,187,39,165,176,190,79,99,129,44
5,141,116,228,31,68,49,162,53,114,62
18,46,163,154,61,228,175,146,142,182,67
32,64,46,22,63,73,116,172,169,81,119
28,70,199,153,30,99,61,232,113,123,145
45,80,237,84,47,234,68,181,16,172,208
47,129,226,171,208,230,189,178,248,243,112
31,174,58,47,39,141,73,93,145,217,176
33,65,204,38,177,188,185,75,102,140,69
44,102,210,232,24,81,103,186,227,228,217
41,28,113,38,81,65,78,40,12,31,145
10,172,82,186,229,77,155,142,141,59,210
8,95,107,56,168,129,72,133,19,138,216
3,59,201,117,151,6,170,148,157,226,163
45,88,239,53,61,214,78,166,13,172,209
3,83,194,113,160,23,144,149,160,225,173
37,166,97,194,152,82,45,184,233,102,155
42,234,245,104,47,149,131,242,35,191,68
9,74,164,61,165,76,47,153,25,205,40
16,164,97,171,226,235,204,18,101,174,62
1,197,123,137,226,29,29,25,191,184,200
23,85,57,140,35,64,100,93,120,75,151
43,83,164,84,186,129,114,137,82,175,102
48,40,92,45,115,37,153,102,202,234,129
29,96,50,200,62,126,61,49,202,220,220
9,91,159,60,169,84,68,155,28,178,17
18,49,140,121,77,221,158,135,132,190,103
42,234,239,103,59,148,113,242,46,194,85
6,44,34,165,55,57,103,205,36,190,28
42,232,232,115,61,155,116,238,37,190,85
13,178,94,43,74,151,150,136,167,156,134
46,75,94,96,196,62,57,119,77,213,76
41,35,129,18,86,56,73,32,13,35,157
37,184,93,182,167,47,45,192,230,115,144
40,110,221,52,230,214,126,91,61,150,18
22,166,194,86,185,55,237,179,66,230,176
32,61,45,34,83,62,111,174,187,83,97
28,89,202,160,36,103,69,224,106,126,167
8,96,113,25,164,146,90,120,37,144,206
44,104,206,235,26,74,92,201,247,224,193
30,210,189,77,38,99,54,57,16,171,23
35,165,17,107,132,132,180,76,38,82,211
10,154,66,174,221,63,157,150,154,51,221
37,182,86,175,155,76,55,190,214,123,130
47,131,223,151,224,222,208,181,226,219,112
10,169,73,177,238,66,133,138,138,59,234
27,246,221,79,220,67,236,205,193,172,209
20,84,168,117,60,33,38,171,122,123,212
33,71,206,46,180,171,189,67,102,166,76
3,84,180,132,147,24,156,137,137,227,170
39,16,112,57,204,37,225,95,87,6,47
35,170,24,106,139,127,163,84,45,92,218
49,85,147,206,101,145,51,135,101,57,143
5,147,120,255,45,62,41,163,81,118,63
15,31,209,48,163,36,200,195,141,94,45
12,179,132,229,166,119,165,26,75,161,74
41,15,104,14,72,74,64,44,17,54,149
24,214,43,144,48,179,97,129,59,44,117
10,186,78,190,239,55,143,145,138,68,239
48,23,74,63,104,52,156,89,220,219,143
6,38,45,163,53,48,101,200,41,204,36
22,160,205,96,195,81,240,156,69,211,181
4,87,111,174,30,159,174,65,43,104,98
4,97,113,169,44,175,171,46,35,85,91
31,172,43,31,37,159,68,113,128,181,178
10,176,70,172,254,59,149,127,145,62,222
39,27,112,82,197,29,239,87,98,24,64
46,78,111,63,181,65,48,128,88,197,66
14,206,96,118,206,180,156,56,220,153,235
13,155,102,46,97,160,146,151,162,167,116
28,85,205,162,10,89,51,233,118,109,157
17,127,42,61,4,191,65,121,216,179,27
34,100,65,131,25,186,32,136,72,140,234
46,79,96,93,185,70,49,119,82,206,82
45,91,236,75,54,210,72,161,24,184,209
48,39,90,56,119,41,158,102,222,223,134
28,88,206,165,34,78,46,241,108,120,149
5,152,104,220,27,65,52,168,72,102,63
9,90,167,39,180,80,60,141,8,201,19
30,220,192,111,29,105,57,44,24,182,10
10,155,53,182,229,68,144,151,137,71,211
13,148,107,60,72,135,139,142,161,157,113
20,102,172,105,54,22,33,165,114,132,202
10,165,54,188,241,68,141,154,136,53,227
17,137,21,67,19,175,62,77,226,192,27
3,74,189,134,145,20,144,148,148,222,157
20,84,185,117,45,23,31,174,117,131,221
27,229,209,88,226,67,220,230,189,152,203
28,72,223,155,19,86,42,227,139,118,165
18,63,150,164,85,202,129,123,148,173,74
40,97,211,31,239,209,117,103,67,168,26
13,168,116,62,83,152,163,140,158,159,111
6,60,29,150,59,51,90,199,32,186,38
20,74,148,109,51,22,25,151,119,128,203
21,228,63,154,86,21,202,84,98,128,202
29,81,46,203,83,116,60,51,208,238,230
37,184,72,172,153,61,41,189,235,117,150
6,51,38,151,52,62,93,198,25,187,39
35,155,18,109,144,133,174,79,47,104,228
12,175,115,227,153,116,149,24,85,149,80
26,68,38,36,221,158,193,78,154,37,118
11,123,199,172,85,181,106,208,136,199,167
26,79,29,26,226,160,197,98,157,34,130
5,129,121,241,46,53,51,166,75,109,79
32,76,25,32,105,71,113,172,172,72,106
42,223,247,111,49,162,130,234,38,183,67
47,129,231,145,215,217,192,150,223,241,116
11,122,210,163,81,198,114,224,146,221,156
12,171,143,244,149,110,152,31,93,174,66
47,130,238,148,217,223,179,177,240,239,104
6,42,57,163,43,62,106,189,43,194,33
20,96,163,101,56,27,16,160,109,133,212
6,41,36,198,69,61,112,197,37,183,29
3,74,209,111,135,13,148,132,147,219,166
47,123,238,162,220,212,182,158,243,240,108
41,6,107,26,76,69,72,46,12,33,134
11,123,213,171,80,182,117,213,158,209,183
42,255,234,107,49,173,129,239,37,182,88
34,104,63,125,32,192,28,127,79,136,235
24,210,36,144,49,173,89,126,53,51,117
41,29,106,33,92,73,80,43,11,22,152
25,72,230,189,181,228,34,135,131,236,85
47,132,236,159,208,222,179,167,214,227,106
38,214,118,227,133,195,215,195,64,139,100
15,52,201,54,145,33,220,200,142,94,27
42,221,227,94,52,150,110,255,26,201,73
2,226,181,110,196,42,154,56,229,122,97
39,30,129,86,212,22,231,92,95,9,70
20,79,144,97,39,19,21,167,115,125,216
22,157,215,85,192,59,224,162,60,235,168
10,176,69,177,219,76,149,142,132,43,230
1,182,123,154,219,26,33,18,194,194,216
34,82,51,129,28,192,24,119,76,129,241
24,192,46,118,38,179,113,143,53,24,119
15,42,201,54,166,41,198,190,140,108,39
24,209,44,152,55,166,90,144,64,39,129
29,89,44,200,69,108,43,42,192,230,240
15,41,197,40,148,49,214,187,146,108,40
27,239,214,91,242,65,234,236,190,139,217
19,106,75,51,232,180,119,78,75,9,106
11,118,194,174,111,173,115,206,149,218,156
7,238,127,235,170,177,16,51,43,85,43
36,63,236,137,97,215,101,168,102,216,160
23,73,47,120,16,64,122,113,133,69,133
22,147,227,71,208,60,242,172,74,214,162
11,112,199,167,92,201,93,221,156,214,149
24,207,50,134,31,190,101,139,62,25,131
24,208,44,133,59,171,95,156,59,41,114
3,59,187,117,151,8,151,160,146,218,153
40,95,231,40,221,200,107,94,66,145,26
5,153,91,217,44,62,44,158,77,112,61
13,129,101,52,87,143,145,125,161,160,103
33,65,194,30,176,191,177,65,104,143,82
3,79,187,118,129,25,158,144,161,213,165
42,218,242,122,64,159,121,224,24,189,71
48,18,83,52,118,43,169,93,214,234,139
5,143,111,239,26,67,54,164,72,99,70
41,7,114,29,65,63,76,27,24,41,154
13,155,106,61,85,134,149,131,177,156,117
29,104,38,195,54,116,58,40,219,231,229
7,239,143,234,158,179,30,63,34,78,50
4,99,121,169,28,159,171,55,42,60,84
22,160,217,81,191,65,216,187,53,241,180
45,70,240,61,37,205,41,175,31,184,200
44,102,213,221,25,78,81,182,235,246,226
12,175,115,231,182,114,136,11,84,165,74
16,160,106,180,199,229,220,23,94,176,45
12,176,146,229,159,105,147,26,65,149,92
45,94,230,65,48,224,71,151,23,180,216
33,55,194,35,184,199,205,70,100,154,77
49,88,157,219,106,150,82,113,99,86,137
36,63,212,138,135,205,118,180,109,215,165
7,231,106,228,151,173,18,66,45,86,38
38,215,125,247,149,202,218,199,45,156,101
20,78,164,112,64,8,19,158,125,128,219
17,131,16,64,13,200,55,89,215,180,16
31,197,49,36,35,168,73,116,130,204,179
4,92,107,176,41,166,160,48,50,65,102
14,221,95,108,220,216,163,35,231,168,247
16,177,106,181,209,225,184,9,108,176,55
27,225,211,100,220,64,234,217,183,164,212
27,221,214,84,229,61,231,220,202,153,199
8,88,103,25,167,146,81,114,36,149,217
12,177,120,236,154,106,153,23,88,156,68
40,97,215,44,239,194,111,90,75,152,27
9,84,159,38,176,86,68,149,14,206,22
31,195,61,35,34,173,68,106,160,207,166
10,161,61,173,233,71,145,140,149,59,210
30,213,193,94,40,100,75,40,26,186,18
4,94,120,176,22,150,167,47,54,82,82
38,212,111,234,167,188,220,182,47,162,111
8,89,94,41,181,136,79,98,46,152,210
14,203,77,123,210,187,173,37,225,153,233
49,77,144,230,97,131,72,116,119,71,118
18,51,162,162,89,230,153,137,144,168,86
22,147,209,89,192,50,227,189,70,229,172
24,207,23,139,39,179,111,145,71,47,126
45,65,240,63,49,223,73,161,27,175,208
4,95,104,179,28,164,165,45,49,87,104
9,74,163,32,166,86,58,145,18,192,13
44,94,205,221,21,57,88,194,220,237,211
27,239,222,84,228,65,206,220,186,160,223
37,182,81,196,144,73,40,184,230,98,157
16,174,114,174,210,234,212,30,94,178,62
3,79,182,119,138,27,151,145,138,228,159
35,170,7,120,133,139,162,79,37,78,221
7,223,128,252,161,180,19,74,58,72,56
23,76,74,134,28,57,121,83,115,76,131
6,55,26,161,47,54,76,201,31,213,35
24,208,30,120,33,187,97,126,54,49,123
36,69,221,127,115,197,117,163,88,220,155
3,71,189,131,136,24,154,135,145,227,177
23,67,70,126,30,61,95,83,109,80,144
25,106,226,193,183,218,36,134,140,220,76
41,11,116,19,68,68,70,52,2,30,159
43,63,170,64,166,136,89,132,79,179,114
7,237,124,236,146,178,17,80,41,71,44
42,229,229,112,66,166,126,237,27,192,68
28,71,217,157,9,85,43,247,115,113,177
4,105,107,161,25,159,161,74,44,86,96
42,230,248,100,59,159,121,248,29,191,85
10,175,71,193,232,88,145,146,143,64,238
1,182,125,151,224,25,30,5,193,207,206
43,84,164,73,170,113,125,125,69,169,84
46,67,92,102,199,68,50,109,78,179,73
43,50,162,75,161,116,112,133,83,166,102
2,228,196,126,192,47,152,36,228,135,108
45,82,253,60,35,218,61,181,19,163,215
32,77,49,26,81,83,124,176,159,74,102
3,72,177,122,159,22,149,155,153,225,162
26,79,36,11,221,155,171,78,141,11,138
9,86,167,66,178,72,51,145,20,182,15
22,139,224,77,180,60,221,185,69,232,178
43,60,156,68,163,115,99,139,70,180,120
36,70,221,127,125,204,124,199,120,229,170
37,160,70,167,164,65,55,207,236,103,141
8,83,101,22,178,135,63,125,33,142,225
47,123,225,172,209,211,179,172,230,237,118
22,154,196,65,183,55,243,161,59,212,182
10,158,71,188,237,71,147,161,127,49,224
45,72,234,76,44,228,61,173,32,174,208
30,218,187,94,41,101,62,36,7,174,7
16,178,119,183,215,221,210,8,105,171,65
35,158,22,114,126,141,168,70,35,79,230
34,99,46,107,38,206,13,128,85,139,226
17,138,28,60,37,174,60,89,216,171,29
14,208,89,98,206,199,170,33,215,176,223
20,74,180,88,51,23,14,181,116,152,215
38,186,115,225,157,189,214,193,64,157,112
10,168,79,191,241,85,153,151,139,49,230
22,179,213,72,194,50,237,165,63,232,172
33,58,187,25,192,199,193,84,93,146,62
4,108,113,163,20,148,150,62,37,81,90
28,79,205,143,16,96,44,232,125,115,151
5,148,92,234,61,68,51,154,66,115,84
3,75,181,120,143,13,163,136,157,229,174
42,228,240,117,62,152,123,233,43,175,62
11,121,198,164,81,197,93,214,149,218,165
2,208,205,116,187,44,146,44,242,133,110
7,243,120,236,139,180,26,73,49,60,49
18,58,153,149,62,226,157,141,130,174,79
10,170,63,182,229,75,132,142,159,59,225
34,102,68,145,37,195,32,127,97,151,234
18,53,148,144,71,224,159,130,149,198,100
34,105,66,130,25,185,27,143,100,146,223
36,58,226,141,107,198,126,170,103,220,181
32,73,37,41,87,74,119,175,165,47,93
11,120,198,179,86,210,93,193,123,210,178
29,97,25,201,60,131,63,25,222,240,223
30,221,176,90,52,101,82,47,33,155,16
38,216,118,228,140,199,226,190,45,141,109
43,66,167,73,167,136,106,132,75,173,114
41,19,126,33,85,66,56,37,21,41,139
30,211,185,82,34,107,48,38,37,176,0
21,226,47,164,89,20,175,80,99,147,197
37,161,95,192,152,71,54,197,237,106,139
31,180,58,38,25,162,56,107,141,208,177
31,206,27,36,36,166,84,110,138,200,163
36,70,223,146,131,213,132,173,113,218,185
38,195,99,224,143,199,213,195,55,149,98
30,196,201,84,45,111,71,44,37,178,15
5,137,105,242,47,60,48,164,77,106,64
32,73,30,29,88,64,135,175,181,73,99
24,203,56,142,50,180,92,155,77,41,128
26,70,27,33,222,155,187,81,147,17,125
29,104,40,192,60,138,69,48,216,224,226
2,230,194,117,200,46,154,48,234,128,99
21,231,65,163,78,18,187,95,107,128,189
28,91,197,162,30,85,36,216,122,125,157
7,251,114,237,160,176,7,69,48,85,50
47,121,229,168,206,225,187,169,244,240,98
14,214,102,121,217,183,175,43,225,181,214
24,201,51,129,66,169,94,154,58,45,133
12,179,113,234,156,109,162,20,77,169,80
27,232,206,93,224,69,228,234,186,140,211
44,88,187,234,40,59,94,186,222,230,214
20,80,166,107,62,15,5,153,97,126,206
2,241,186,133,196,47,162,49,232,125,108
17,120,26,78,36,178,60,86,218,176,22
8,96,113,33,180,129,87,131,44,147,218
32,71,44,30,79,64,114,153,179,64,110
23,81,71,139,34,50,105,99,122,75,132
39,35,103,74,210,23,243,93,99,13,54
10,189,77,187,232,74,142,149,135,49,226
29,94,41,199,53,121,61,19,200,236,227
15,45,213,66,162,37,204,196,157,114,31
16,163,113,180,221,230,214,18,101,175,65
19,97,58,60,216,181,138,60,73,29,128
1,200,140,148,207,47,35,25,210,200,210
34,107,61,127,30,195,42,122,75,145,239
18,41,153,136,83,207,151,123,137,183,88
1,190,134,135,220,37,40,16,201,189,208
22,154,215,73,188,56,228,180,72,232,175
28,77,201,154,15,95,46,232,123,126,135
25,101,229,189,182,213,21,140,138,224,81
12,172,121,226,162,102,166,3,83,159,77
45,89,255,79,47,223,66,167,21,189,214
49,71,136,216,104,146,76,116,113,67,128
16,167,116,174,216,219,202,14,102,182,67
8,90,89,36,182,145,74,128,32,139,206
45,96,244,73,41,232,59,159,25,176,217
34,102,52,116,34,182,35,120,84,145,231
21,227,56,180,79,18,183,88,99,150,186
0,146,175,163,141,103,166,106,210,242,100
26,88,32,35,222,164,191,87,139,27,105
17,121,21,61,21,199,36,82,220,173,20
10,151,63,179,227,86,145,144,147,61,215
45,79,238,75,28,232,53,170,32,171,202
39,32,103,104,206,27,240,82,77,32,62
48,33,79,54,96,33,144,105,213,217,157
11,100,208,186,81,196,98,207,141,198,178
27,227,208,94,228,57,232,214,179,164,193
20,83,173,98,70,31,24,168,116,135,210
47,122,235,176,211,215,175,169,237,239,115
3,65,190,139,150,22,159,152,172,234,165
13,165,105,44,84,140,145,150,164,154,130
0,139,190,152,139,103,159,116,209,226,104
39,48,122,83,205,7,224,112,89,22,50
28,73,217,163,24,94,54,233,136,127,152
43,57,172,73,163,130,104,130,79,178,105
17,149,30,67,26,187,73,96,218,157,16
6,43,43,160,43,58,106,206,28,227,35
38,221,121,234,139,194,215,186,54,152,104
20,81,173,98,57,14,37,164,116,120,210
10,167,79,183,232,73,134,160,140,74,220
2,234,201,121,194,50,156,49,222,128,104
19,111,57,58,223,179,122,47,94,26,115
18,61,154,142,69,218,162,137,146,190,69
33,62,187,17,169,193,201,80,94,144,82
29,94,48,176,57,125,68,35,196,215,223
29,95,36,200,70,126,58,30,192,224,229
14,219,89,107,202,196,181,38,212,175,229
3,97,182,109,137,14,151,158,150,217,153
49,87,138,220,103,143,90,124,120,51,112
34,92,65,126,39,195,26,146,90,143,226
25,90,226,180,184,213,32,149,145,225,82
5,139,113,234,45,61,52,137,73,120,68
37,166,101,195,147,82,35,188,221,103,162
20,89,161,118,51,38,37,166,99,122,210
40,104,216,27,245,209,123,91,72,153,21
42,238,240,97,60,141,113,244,42,191,78
28,86,213,158,22,75,60,216,117,129,162
1,200,131,142,205,22,32,27,204,186,204
47,121,230,163,215,223,193,175,241,227,130
30,230,176,93,27,116,54,41,27,169,16
5,150,107,235,47,66,47,172,61,111,68
27,248,206,108,234,58,229,229,216,155,225
2,232,193,117,201,45,159,53,230,131,121
36,41,218,150,134,214,116,165,114,223,175
28,96,199,153,12,104,48,240,119,123,156
21,226,59,153,76,30,184,82,86,146,192
14,215,85,112,228,201,194,31,242,168,229
21,229,62,168,93,11,172,82,119,148,199
29,91,53,209,69,120,54,36,198,230,214
25,110,224,210,186,228,35,132,155,250,80
21,244,61,166,72,20,193,65,93,138,211
48,26,72,63,113,51,148,89,212,232,131
19,102,65,71,228,177,125,68,68,14,107
40,112,235,26,235,216,110,100,84,163,29
8,82,113,43,175,135,79,133,20,130,233
29,111,40,199,72,132,54,27,197,217,217
21,237,47,165,77,7,180,96,103,157,204
38,206,138,232,157,195,218,206,51,147,108
45,80,234,82,44,239,52,171,32,164,200
2,229,198,125,200,49,161,50,238,124,114
23,68,62,126,19,62,111,102,140,64,140
0,137,163,149,131,101,149,116,214,226,95
1,192,135,159,209,28,45,28,206,195,209
6,60,27,156,48,69,93,193,29,203,49
30,220,184,87,41,93,56,47,32,168,18
8,76,112,22,177,139,77,122,39,163,216
38,210,101,219,148,209,208,220,61,155,108
35,151,10,102,137,132,170,71,57,103,247
35,161,19,126,119,148,155,79,52,85,232
1,191,130,148,222,21,44,31,202,188,227
14,217,100,117,215,210,162,28,221,172,235
4,99,111,162,32,173,159,74,42,83,97
42,228,239,106,47,156,121,234,29,184,85
8,92,119,39,178,140,69,114,29,143,205
48,42,70,59,114,43,147,110,205,218,136
28,74,207,140,8,88,42,235,104,137,164
41,2,109,34,73,81,83,48,19,43,150
31,182,39,38,33,146,63,108,128,214,182
23,65,50,129,34,71,114,103,131,71,149
12,174,105,223,149,97,155,41,72,156,73
20,101,159,98,65,32,15,171,112,126,222
2,235,197,123,174,30,155,50,223,120,96
15,45,221,68,145,26,198,177,150,110,39
39,14,116,90,223,36,238,92,93,21,55
46,84,104,97,187,83,55,112,88,207,68
19,99,50,69,226,193,135,80,63,38,99
46,87,101,86,186,63,64,113,88,193,59
16,174,117,184,226,241,199,14,100,167,58
20,87,155,99,64,22,27,159,118,146,210
37,179,79,198,165,55,50,200,231,118,151
43,67,157,82,177,129,132,139,72,175,104
6,47,56,172,41,56,93,227,25,203,20
39,38,99,93,204,28,224,87,104,15,60
23,59,66,141,22,71,118,99,127,81,149
14,218,91,119,218,210,165,38,218,185,232
3,66,195,115,136,22,166,151,147,229,182
0,134,168,154,148,96,149,105,222,232,119
35,154,30,110,131,132,167,87,45,94,217
25,96,241,196,183,217,34,137,132,216,71
29,96,39,201,65,145,60,43,207,238,228
34,102,55,117,43,191,24,133,92,145,232
24,206,33,141,45,169,96,140,51,50,122
37,191,85,195,154,67,57,179,225,122,150
2,232,207,107,192,29,166,36,227,126,97
32,78,31,34,75,80,113,178,168,71,94
29,88,42,181,62,128,76,41,200,223,232
36,67,217,141,116,203,103,172,112,221,172
26,72,38,28,216,151,198,82,133,21,118
8,89,110,31,176,143,67,151,41,138,215
22,151,221,77,204,65,225,152,57,230,164
2,236,193,115,194,52,163,40,240,115,93
21,239,52,179,75,0,194,75,93,138,196
41,31,96,18,60,58,91,57,17,50,147
0,136,160,153,136,94,148,118,221,228,104
16,168,114,164,209,219,215,37,101,166,60
40,110,216,41,230,206,108,86,66,136,17
4,91,123,158,38,146,169,54,53,82,98
25,112,241,201,179,203,25,131,147,221,66
4,104,107,166,21,171,161,45,57,69,103
38,217,121,224,139,189,242,199,51,158,100
7,233,109,243,145,173,22,86,41,91,38
11,113,203,172,90,194,103,212,147,225,160
31,179,47,36,14,157,55,121,141,215,172
32,84,47,35,91,71,111,166,187,64,103
38,215,100,226,155,199,231,192,52,161,105
14,213,106,116,210,175,170,34,225,185,224
16,172,99,171,208,227,200,15,94,159,58
27,226,209,95,235,63,226,223,192,147,197
1,193,133,157,224,19,20,33,189,194,204
0,116,175,140,132,126,160,114,197,223,102
32,74,36,27,94,80,127,175,173,72,117
34,99,66,118,53,194,26,134,87,134,226
40,121,213,48,240,192,124,86,73,140,33
39,37,127,75,203,26,218,101,97,14,39
4,102,104,171,35,154,181,55,42,72,77
40,123,222,37,240,195,132,91,81,153,17
17,133,26,47,31,206,67,80,219,158,21
32,77,53,33,82,65,121,169,159,75,107
40,95,221,31,216,216,111,77,72,165,38
7,222,130,236,153,180,34,76,58,69,46
15,50,227,59,162,55,206,188,143,106,35
25,103,226,192,181,207,40,129,141,241,81
26,83,36,23,208,154,183,69,151,25,133
35,147,20,119,130,117,168,86,39,114,221
29,93,36,194,45,125,60,38,192,225,234
10,185,70,186,229,61,150,161,152,75,226
29,94,46,206,65,132,56,40,199,220,220
33,40,193,39,167,187,191,70,124,151,59
27,227,213,101,233,57,223,222,185,147,210
39,25,111,73,203,21,237,104,98,7,64
43,68,152,58,156,142,113,139,82,176,119
38,210,115,225,162,193,208,194,52,145,97
5,149,104,244,58,66,44,155,83,106,62
12,170,136,223,173,100,149,20,74,154,82
21,220,71,153,84,25,175,75,100,161,205
47,123,240,179,209,220,186,159,227,250,120
23,70,61,155,33,54,136,82,123,95,145
21,227,57,162,82,21,178,87,99,146,190
12,176,122,246,153,97,146,21,75,155,69
31,184,37,26,35,161,74,122,134,191,179
7,233,150,240,167,174,14,81,31,56,49
27,230,198,90,226,75,226,221,192,155,216
31,183,50,52,42,152,86,108,138,200,163
30,212,207,91,43,105,63,53,40,186,19
48,36,86,53,109,30,160,82,206,223,134
11,110,195,175,75,212,112,208,131,210,151
35,162,23,120,121,149,181,72,43,100,238
37,170,82,184,148,79,44,200,228,122,143
47,115,225,155,199,216,185,166,223,248,119
42,242,219,115,56,157,124,234,20,172,71
28,97,212,152,23,86,53,227,118,97,149
41,15,105,41,59,55,70,61,22,38,140
26,77,34,0,233,148,196,90,134,27,117
49,81,162,214,108,134,86,101,110,67,128
44,95,196,221,5,61,87,179,229,219,209
1,192,133,147,227,23,19,19,187,188,215
43,55,157,65,170,144,125,143,86,172,104
21,238,62,171,83,19,197,85,107,151,212
10,175,76,184,239,64,132,140,154,53,211
26,63,40,21,223,156,186,77,147,27,111
11,117,210,189,89,204,109,223,147,214,173
36,46,220,150,113,204,104,163,103,218,172
17,126,21,62,24,193,47,102,240,168,27
29,94,50,178,62,129,75,32,216,241,224
34,87,69,121,28,188,39,131,83,154,237
28,88,197,154,11,103,49,232,108,124,162
8,77,102,22,142,141,87,136,33,142,209
33,53,185,26,160,164,198,83,104,142,81
39,33,118,68,203,43,234,97,79,15,62
30,209,190,95,35,95,54,66,39,190,5
48,24,79,34,111,44,154,95,211,229,135
1,195,135,139,232,49,32,17,197,170,205
26,68,26,8,229,175,203,78,153,25,110
37,158,88,180,156,64,39,196,217,115,137
13,157,108,39,87,142,141,142,153,164,112
19,102,64,53,231,173,119,58,66,25,133
24,199,36,125,43,187,80,121,61,39,114
13,147,114,49,101,128,144,138,149,157,118
48,20,73,51,123,48,153,118,221,227,144
23,67,73,135,35,61,115,110,111,77,135
39,15,116,76,207,24,230,101,110,11,53
31,187,48,27,50,172,54,93,149,204,174
31,196,54,24,35,155,83,103,156,213,162
28,69,210,166,17,96,55,249,113,128,151
7,235,138,247,165,185,27,67,40,94,30
11,116,211,173,86,181,121,215,133,193,173
25,80,222,192,182,199,34,117,147,227,83
36,53,206,141,126,216,113,183,105,203,170
27,236,201,80,237,64,250,215,215,160,224
31,184,38,51,35,165,75,103,123,216,160
3,87,169,124,147,33,139,150,153,221,176
7,241,107,230,151,164,33,78,40,79,36
33,58,207,33,180,177,178,69,100,129,74
10,161,84,194,229,67,151,141,148,76,221
47,137,231,139,202,225,196,183,230,241,123
12,192,112,238,162,96,156,28,82,163,96
19,90,68,64,227,177,120,83,70,30,106
43,66,179,64,147,126,121,132,95,165,122
22,159,201,86,199,56,238,162,72,218,187
1,194,137,156,228,32,43,26,187,210,222
29,101,48,203,61,132,57,48,183,218,215
22,146,215,77,207,65,247,161,71,226,180
23,80,41,124,17,51,100,105,125,65,144
45,78,227,71,37,215,66,177,36,169,201
48,29,71,41,117,64,155,97,211,223,128
46,72,94,103,175,71,51,116,86,193,56
32,70,45,44,70,72,114,190,151,69,99
39,32,125,80,209,11,233,84,80,3,49
14,226,92,108,211,195,162,43,216,173,234
32,91,58,36,80,81,103,174,168,76,111
5,149,113,243,45,61,47,177,76,115,74
38,197,116,221,159,192,216,193,44,152,114
29,99,36,201,52,145,44,39,217,216,233
7,236,113,225,145,188,8,82,38,74,49
11,103,196,179,76,199,115,218,135,200,145
33,61,198,47,165,190,197,78,89,143,71
47,123,210,159,221,215,197,184,222,226,117
25,115,231,185,169,203,31,137,156,231,71
26,73,40,16,227,152,206,57,156,22,112
16,173,129,184,222,230,199,21,97,178,62
27,233,212,84,236,61,233,242,187,161,205
20,88,182,89,50,40,29,165,116,136,220
38,192,118,224,135,204,211,202,47,152,108
16,172,110,180,217,217,217,22,98,163,45
40,99,236,42,237,216,123,91,84,147,31
47,120,216,173,220,222,194,174,234,239,105
11,114,202,186,79,186,109,216,133,218,185
1,194,153,157,219,35,41,20,199,188,214
44,83,195,231,28,68,73,191,235,232,213
19,91,47,59,223,183,111,57,82,36,114
29,120,45,180,47,126,57,56,196,220,220
31,186,60,32,46,181,76,113,147,204,182
49,83,153,209,107,135,74,121,112,58,112
38,205,123,230,147,190,222,201,59,154,96
32,61,57,21,83,60,120,169,154,83,108
14,203,98,107,222,196,175,48,220,153,228
26,74,37,11,230,143,186,75,139,17,147
41,11,100,35,83,67,80,30,16,34,132
49,66,145,216,110,131,64,110,110,69,129
48,46,84,55,117,51,140,109,209,228,134
46,88,113,106,188,55,59,115,82,185,79
43,75,162,60,178,137,99,128,80,162,100
18,56,157,165,68,206,150,143,153,178,83
34,104,62,110,30,184,14,133,92,131,229
5,153,101,229,36,68,46,147,70,109,77
41,11,115,26,65,56,67,42,27,25,165
1,198,132,148,229,23,32,34,193,182,204
36,38,203,132,125,212,127,179,116,198,154
40,95,205,44,235,206,122,78,55,155,20
43,83,164,68,148,126,98,148,83,150,112
20,81,167,86,76,24,28,154,121,125,207
24,198,34,130,64,184,106,140,37,36,123
12,186,121,224,159,109,132,12,93,158,78
19,106,58,62,237,171,115,74,49,23,112
3,85,188,117,131,29,174,135,143,219,161
9,71,169,64,186,72,63,166,19,205,38
39,35,115,61,219,32,226,85,91,6,53
17,127,11,51,22,189,61,80,222,169,31
15,24,217,47,163,50,205,211,148,99,46
28,81,215,161,18,107,25,228,113,120,158
23,76,50,144,30,73,110,99,133,76,137
3,74,184,128,149,25,148,155,167,218,167
14,204,111,120,219,211,172,45,206,175,255
23,69,48,134,16,48,103,97,121,75,145
1,196,132,130,222,28,38,29,194,192,222
20,95,182,95,54,18,28,171,122,136,214
13,144,109,65,69,138,147,138,172,169,120
28,96,203,142,28,92,52,226,126,117,152
44,95,200,217,46,50,87,190,216,229,214
31,185,46,44,36,163,62,98,139,204,168
19,100,61,69,222,182,141,72,71,19,99
37,171,79,188,156,65,53,187,236,112,152
26,64,32,21,216,142,196,78,146,32,108
29,110,43,190,63,111,76,46,210,222,236
30,219,197,102,44,100,60,41,36,166,14
12,195,127,221,172,117,146,25,90,165,81
46,77,91,98,174,67,52,109,83,201,70
38,224,115,238,148,195,222,191,65,161,108
49,83,165,211,106,138,75,118,117,48,137
44,86,185,235,29,70,90,192,230,224,224
34,99,49,128,13,200,19,151,93,149,219
48,19,64,56,111,23,147,97,222,239,145
13,140,123,53,91,145,171,144,153,168,92
43,86,156,82,170,134,107,144,74,158,105
3,77,184,124,143,12,145,158,136,231,151
47,130,230,160,197,229,177,164,238,234,124
12,173,122,230,163,127,153,35,83,167,77
15,56,211,61,156,67,192,208,121,111,22
7,230,117,245,161,164,25,86,30,77,27
19,102,58,56,230,170,116,64,73,15,95
35,159,36,107,130,156,170,81,43,115,238
45,78,234,79,44,231,77,168,34,166,204
36,41,215,142,124,188,121,168,108,223,167
31,180,48,37,28,156,62,113,155,205,164
21,243,57,155,83,31,187,88,100,137,196
25,98,238,214,197,203,19,133,150,249,80
6,44,32,161,49,60,101,199,35,196,35
31,180,45,36,20,174,63,92,135,217,158
33,55,197,30,171,183,179,87,90,129,69
8,100,112,33,166,139,80,140,29,132,238
18,53,161,151,72,232,140,117,140,177,91
17,135,14,53,36,190,62,87,217,171,35
4,88,107,179,40,165,157,68,51,84,91
8,94,91,28,184,149,73,136,56,146,209
4,87,105,166,18,154,159,56,55,82,87
7,240,122,218,166,189,22,78,59,86,42
12,187,135,225,152,100,153,11,75,155,83
19,87,63,54,228,186,123,69,73,31,100
48,35,87,52,117,35,153,112,211,234,133
4,93,113,173,38,155,163,79,38,79,91
19,103,80,62,234,188,127,62,76,34,109
37,165,100,205,170,77,54,196,215,96,144
14,221,95,106,214,180,172,36,224,182,222
37,173,88,187,164,67,47,219,222,112,135
28,81,205,163,24,95,52,236,110,142,154
42,240,244,98,63,156,130,229,37,197,56
4,91,120,178,43,158,178,57,58,82,89
12,178,119,230,159,107,162,14,76,163,86
8,109,105,41,175,135,60,133,32,140,225
8,86,99,37,169,145,65,123,53,141,224
39,30,111,78,206,30,246,90,91,25,65
2,242,196,116,181,63,160,52,227,133,112
42,242,224,108,55,157,140,235,37,199,82
47,136,214,162,220,214,186,163,214,223,107
26,67,33,13,219,164,198,80,150,19,116
7,230,103,220,159,177,29,77,45,97,55
28,84,216,169,1,97,30,221,112,119,154
26,82,23,26,218,155,175,81,143,23,127
29,92,28,219,56,118,66,43,203,220,239
37,164,102,174,157,64,51,193,232,118,137
5,144,122,235,31,72,49,172,78,136,68
1,186,148,137,223,32,32,12,195,181,209
29,92,20,211,54,129,58,45,210,227,218
26,61,42,23,217,166,190,77,143,25,123
21,234,53,155,75,16,197,72,94,138,184
44,100,197,232,30,63,93,185,225,217,219
18,40,156,139,72,217,154,129,138,184,80
30,217,185,95,38,102,74,51,22,168,14
16,184,112,167,212,235,220,16,93,185,44
4,95,126,178,27,152,168,50,36,84,91
1,182,148,138,218,36,44,24,224,187,209
11,137,214,171,84,204,97,212,125,201,163
1,195,127,145,216,26,24,18,209,216,208
43,65,164,78,165,135,115,136,88,162,111
47,138,228,162,207,231,175,193,229,249,127
16,169,111,177,215,235,198,20,88,172,48
0,137,185,135,142,104,143,95,205,232,104
41,17,112,21,67,66,74,57,20,47,147
25,91,218,181,197,199,7,128,148,238,74
24,197,38,128,57,185,105,124,55,43,119
11,124,201,171,83,182,97,210,139,223,161
25,96,224,192,192,226,25,134,154,240,90
15,38,219,45,161,51,215,196,133,93,32
20,85,179,102,63,45,36,160,118,128,210
0,145,175,159,140,106,149,112,214,238,99
40,98,215,54,246,199,117,79,78,169,28
46,55,100,103,198,56,60,119,64,204,64
0,136,175,169,137,105,160,104,214,226,85
18,59,144,146,65,226,154,118,159,196,89
40,97,239,27,234,197,126,84,65,138,3
6,46,38,173,44,68,110,206,52,213,51
18,56,156,156,69,211,161,144,143,171,91
44,95,197,225,26,54,95,225,239,238,215
36,62,239,135,133,208,119,191,102,210,158
5,138,106,244,33,68,64,161,65,105,64
22,165,220,87,173,71,229,186,63,231,185
19,96,67,66,233,179,103,53,79,17,121
49,73,156,212,125,135,71,110,87,62,133
35,165,28,105,132,134,163,82,38,92,230
39,19,112,87,215,23,235,108,92,16,51
12,189,132,214,172,99,158,14,81,164,78
31,181,55,46,36,184,66,98,153,209,185
14,209,94,115,211,173,166,30,221,177,237
22,171,216,94,184,47,218,177,61,225,161
7,234,114,221,152,171,21,88,45,73,35
7,238,114,234,155,174,25,63,44,77,25
21,247,57,175,78,14,190,89,94,159,200
26,83,41,9,210,171,191,84,152,19,121
10,172,72,189,205,51,139,170,142,40,221
35,167,15,123,135,137,160,83,40,95,236
14,217,88,103,223,179,191,40,220,176,231
30,225,187,86,47,111,65,40,41,189,14
45,83,234,83,39,236,79,171,41,170,218
34,92,70,110,43,192,39,135,82,145,229
24,216,52,131,42,169,90,152,57,43,137
20,74,166,123,70,28,37,160,112,143,212
42,225,226,98,62,147,113,244,29,184,65
49,82,139,208,129,151,93,117,129,57,130
7,234,136,235,143,161,14,62,50,84,35
28,86,207,167,21,93,56,221,127,120,151
23,72,63,133,22,65,116,95,105,59,147
46,73,93,111,173,65,64,122,91,202,64
45,93,251,73,47,209,73,162,37,167,218
14,229,110,103,206,187,187,36,214,172,233
20,81,183,91,68,26,21,165,121,128,219
26,68,43,21,240,163,185,82,147,19,115
3,74,190,116,146,28,151,164,165,221,160
44,103,206,228,36,63,90,203,229,238,206
2,219,190,137,188,51,158,55,208,125,116
37,170,79,198,162,78,44,195,230,103,153
11,109,226,168,86,191,111,211,132,213,172
36,61,208,148,120,197,125,169,96,216,173
6,47,30,175,47,58,100,202,23,197,30
25,97,229,200,186,205,29,165,158,220,79
5,150,108,240,50,79,64,168,59,110,65
8,87,110,35,159,152,84,121,42,135,213
24,214,32,126,35,169,112,127,53,48,130
23,72,70,121,28,57,121,100,136,74,155
37,186,86,181,160,82,41,193,231,102,138
40,107,224,58,220,211,119,80,67,159,8
12,192,125,230,153,100,151,26,80,170,88
10,173,76,191,232,72,142,144,141,43,230
25,89,231,195,175,201,37,133,141,230,76
44,102,191,222,30,67,106,190,239,233,223
39,23,117,86,197,20,233,96,102,21,50
13,153,107,39,86,135,148,147,152,181,106
33,55,195,40,175,200,202,66,98,141,60
24,196,41,136,54,184,99,142,56,42,121
7,222,127,231,171,185,19,92,51,66,50
36,56,209,140,117,223,134,191,102,229,159
15,54,220,58,153,52,210,189,140,105,22
47,131,234,159,199,227,208,165,221,254,121
5,136,120,243,50,56,47,166,67,114,87
21,237,54,156,83,34,190,86,91,140,213
38,220,124,228,159,195,225,201,49,160,103
22,150,205,70,194,57,221,167,59,210,176
3,52,199,120,128,18,159,137,152,215,161
25,103,212,185,186,218,33,144,154,226,86
29,96,40,206,54,128,62,31,186,224,235
3,75,186,116,142,32,134,151,149,238,166
10,176,77,169,229,62,141,145,136,48,231
38,217,110,222,148,185,216,202,52,165,104
47,131,233,182,212,225,192,175,246,254,110
29,81,37,208,63,145,71,44,205,229,227
46,80,102,108,196,60,52,123,87,194,60
41,10,123,19,84,60,49,47,10,42,147
15,50,200,48,146,61,199,181,150,110,31
46,73,100,103,183,68,59,131,88,214,65
5,128,121,237,58,70,30,167,60,109,68
20,88,155,93,54,8,27,157,112,132,218
13,141,107,44,85,144,148,158,148,169,115
42,235,241,110,77,148,129,235,54,200,83
34,97,66,105,26,193,28,141,76,133,218
5,134,120,233,29,63,53,172,74,110,74
7,242,127,236,163,203,15,71,56,79,44
45,79,237,96,42,221,66,166,31,173,199
47,134,212,164,222,207,175,167,217,233,99
27,242,212,93,234,55,217,222,198,157,210
19,96,58,58,228,186,127,74,86,5,105
5,137,119,238,43,63,43,148,75,111,53
25,95,214,184,181,209,39,145,153,245,93
12,170,116,229,154,112,140,33,71,160,81
3,66,201,108,139,25,152,142,145,211,170
4,84,125,170,44,175,166,66,44,86,100
23,62,68,129,40,61,113,99,115,65,138
44,97,182,223,27,81,95,188,235,240,210
30,216,187,108,33,114,76,35,31,179,22
31,190,51,45,68,158,47,120,138,211,165
1,193,117,147,224,41,38,16,190,203,200
41,28,125,20,63,74,90,46,15,46,156
42,220,254,115,53,162,116,237,16,182,67
11,103,197,186,97,197,94,222,145,200,173
46,73,87,103,180,67,35,109,70,196,81
39,21,110,89,188,32,232,94,96,11,66
22,160,205,75,193,51,234,168,55,215,173
1,189,130,148,236,46,29,22,188,184,199
33,38,191,40,178,199,185,70,109,152,92
27,233,220,107,237,67,230,223,196,164,197
36,57,211,148,114,208,117,167,120,222,183
38,210,120,213,146,196,228,197,51,158,98
38,203,109,233,142,213,229,192,48,158,102
2,234,176,128,187,39,167,35,242,124,103
41,29,112,42,77,55,88,53,24,41,156
8,81,102,25,178,134,67,136,36,128,211
1,190,136,156,222,39,42,11,194,196,211
46,70,101,101,168,54,63,112,93,185,82
18,53,155,142,64,211,152,120,139,168,91
17,135,21,81,28,187,63,91,213,168,34
23,59,70,141,10,68,106,103,109,57,144
33,58,181,33,169,168,183,79,105,130,77
9,88,155,50,169,67,59,146,14,202,13
25,97,217,184,184,210,31,129,138,231,76
29,90,41,208,59,119,56,39,196,207,237
3,71,207,129,152,26,144,147,157,231,177
27,237,224,89,236,67,210,209,194,154,222
43,85,149,87,160,114,111,137,84,173,104
8,86,100,22,181,139,71,114,36,133,218
26,70,30,26,229,148,195,69,152,19,135
5,144,92,243,57,56,62,158,75,126,64
15,52,206,57,181,58,203,185,143,101,30
14,203,81,116,227,191,181,37,212,184,215
23,74,56,121,37,74,120,87,123,80,141
38,216,116,223,147,205,226,193,47,149,108
43,74,159,56,175,130,93,128,82,160,112
27,222,203,87,241,74,241,210,199,156,227
44,97,192,217,25,72,80,200,244,219,234
49,64,143,215,100,145,85,109,108,54,121
9,80,162,67,169,92,65,151,21,205,14
15,41,206,59,174,52,193,186,150,103,23
6,49,32,165,40,55,91,207,41,204,35
47,131,226,160,212,228,186,164,255,240,115
5,138,118,232,39,64,45,160,79,120,74
33,44,183,33,172,175,195,74,95,137,90
19,106,70,69,227,169,108,60,69,30,113
32,62,55,22,86,65,117,154,168,74,108
30,217,194,78,34,102,61,59,23,184,24
47,147,233,153,201,218,188,200,238,226,118
48,43,59,37,123,38,149,93,205,247,131
6,44,37,171,47,35,95,193,36,209,24
23,70,57,133,31,74,113,85,120,76,146
36,75,222,143,130,202,125,186,100,206,172
14,235,111,121,209,194,157,30,225,164,229
34,86,49,110,24,198,46,122,88,131,228
39,25,106,83,211,25,240,95,99,17,61
15,43,202,76,161,50,215,199,135,96,35
18,67,154,143,79,206,164,122,148,182,81
31,189,42,34,42,159,54,115,137,196,189
42,241,241,105,69,148,112,229,16,180,74
18,54,154,145,78,222,153,126,152,173,80
6,62,36,158,48,51,92,196,35,203,55
15,60,218,46,142,43,210,201,140,101,20
49,81,142,217,116,136,96,106,117,71,130
44,89,211,226,32,68,101,182,241,229,215
16,170,120,181,209,238,218,10,94,173,56
49,66,145,202,106,140,68,121,110,67,139
24,200,34,131,44,188,99,139,50,49,128
34,103,41,120,35,216,24,135,81,140,235
18,47,142,139,79,223,150,133,154,169,78
17,135,32,63,13,194,71,88,209,176,27
22,146,214,74,190,51,218,163,45,230,162
17,131,34,76,25,192,68,90,220,175,13
37,166,95,184,175,71,63,191,222,98,141
3,55,172,137,142,22,167,159,140,233,167
44,87,199,228,23,68,97,200,251,236,210
6,29,28,165,62,66,114,193,40,191,34
18,57,151,150,74,219,156,119,148,173,76
36,48,216,142,115,210,110,162,104,226,173
19,103,53,65,228,171,120,55,77,11,115
5,132,100,228,48,72,42,162,79,117,62
10,175,76,182,223,81,148,146,153,61,244
30,208,190,94,24,104,42,48,24,185,23
41,27,115,18,66,61,57,49,28,31,166
2,233,197,116,192,56,153,37,233,127,108
17,145,22,84,17,197,61,100,222,173,27
14,210,83,114,208,189,184,48,228,178,230
9,85,165,44,178,79,62,144,28,207,19
0,137,182,136,142,116,145,116,228,230,108
20,84,165,100,42,23,30,164,122,138,219
17,132,12,59,31,193,78,88,218,177,12
27,225,222,108,237,70,225,213,194,149,207
16,158,109,169,204,220,213,12,95,171,48
6,46,42,172,60,53,101,185,41,211,36
26,64,37,32,244,173,197,78,136,25,121
49,77,151,218,89,129,71,103,97,70,122
7,239,119,248,154,161,31,77,38,88,40
21,239,36,168,79,34,200,94,109,147,193
35,163,28,118,127,128,157,86,35,89,219
17,138,34,76,19,183,70,87,206,187,19
49,76,156,222,101,154,84,126,104,65,118
29,93,30,189,52,138,59,35,195,222,242
46,78,105,97,187,58,61,115,97,192,77
42,228,234,92,57,144,132,240,44,198,87
49,65,147,200,124,148,63,109,96,63,129
19,110,64,59,218,186,133,67,69,9,122
44,94,196,214,33,79,101,198,228,214,215
28,87,204,132,10,109,47,221,134,124,166
35,147,28,116,125,127,168,82,50,90,205
17,143,6,67,8,214,57,81,206,170,13
26,67,38,22,219,157,184,84,143,43,145
21,228,54,160,54,24,191,96,94,163,186
4,97,114,168,35,147,171,76,53,63,88
2,219,215,109,208,24,172,61,217,133,112
39,43,110,79,201,10,226,103,80,23,64
11,118,220,172,83,191,104,207,155,223,151
4,101,112,169,26,177,179,61,31,56,87
17,119,13,74,15,191,74,77,224,172,32
17,124,34,67,24,185,71,64,223,178,30
25,90,224,192,186,220,35,137,155,222,93
19,97,60,60,219,180,123,55,80,17,110
24,210,36,137,43,175,107,142,62,49,120
39,24,108,69,200,39,229,106,89,23,59
33,51,198,39,169,184,185,66,90,136,80
34,98,61,130,20,192,27,125,80,144,215
12,175,142,237,156,111,163,22,105,163,82
45,86,241,68,47,229,74,159,36,174,213
38,219,116,223,145,207,245,181,46,155,90
20,87,171,102,69,17,27,163,126,149,207
43,64,170,85,168,135,100,136,68,177,100
25,98,234,183,173,211,16,137,141,231,73
37,150,91,187,165,63,52,185,206,118,138
18,48,152,136,67,214,148,134,130,180,81
7,238,112,227,168,171,15,63,57,81,45
10,160,56,182,243,63,156,153,142,51,221
35,160,19,124,117,141,180,84,39,91,218
9,102,164,63,170,85,71,148,31,183,24
47,121,219,169,207,215,183,154,243,251,111
2,240,191,119,176,36,161,56,230,126,96
6,43,33,154,50,60,103,202,31,203,35
2,237,185,129,195,35,183,52,245,143,106
14,225,96,114,224,185,180,50,230,182,226
13,147,119,49,81,138,152,144,166,142,121
12,165,131,229,168,121,148,19,91,155,84
41,40,111,36,71,67,69,33,24,34,142
44,106,220,214,26,77,89,181,225,222,217
40,101,231,52,230,205,117,87,55,138,25
26,79,34,32,226,163,191,83,151,24,128
41,12,141,41,78,65,77,33,24,57,164
5,139,102,243,46,67,43,167,75,112,66
22,165,210,93,199,51,227,167,60,241,173
21,232,52,162,72,17,182,70,91,147,196
13,162,104,44,80,125,134,147,153,169,102
12,175,135,223,177,116,165,35,64,169,82
42,239,239,116,65,150,117,227,24,194,72
3,76,185,131,132,7,167,170,156,226,171
2,240,183,125,202,44,150,55,230,134,114
4,88,123,190,17,176,164,62,44,91,82
23,58,70,138,19,55,100,106,126,76,143
41,36,109,53,68,67,60,47,17,42,160
21,224,56,171,79,14,184,80,87,160,188
26,57,18,21,230,169,206,77,141,13,132
29,103,34,199,70,130,44,41,201,225,214
2,248,181,97,180,37,148,57,223,129,113
21,238,62,181,72,11,207,83,101,160,198
2,233,195,129,184,34,160,33,212,146,114
11,136,205,182,95,189,107,208,138,197,167
10,166,78,179,227,57,153,147,128,44,240
49,84,148,208,115,139,82,117,106,80,130
36,63,221,148,124,213,110,169,93,225,174
0,130,165,151,149,92,154,102,220,225,96
23,72,56,156,34,68,116,94,103,71,145
37,164,97,179,163,64,55,187,227,108,148
9,93,155,50,177,81,45,158,19,186,25
44,85,203,216,28,63,81,216,237,239,209
43,66,169,73,167,111,112,135,83,172,119
19,107,54,67,238,173,123,62,72,22,116
26,73,36,43,221,159,194,68,138,23,130
45,79,224,81,39,219,61,170,22,168,195
8,90,110,26,188,142,81,143,31,133,229
11,115,216,167,84,211,106,219,147,220,172
46,69,99,106,195,75,55,123,76,203,66
31,196,53,24,43,167,61,114,131,209,177
31,181,37,42,62,164,73,105,125,195,167
46,87,99,112,191,51,48,104,81,204,97
35,156,17,129,140,145,155,81,52,110,245
15,38,205,51,160,57,209,194,138,96,31
6,49,36,157,42,51,93,190,49,203,29
0,143,169,153,125,105,163,119,213,236,91
42,240,225,104,44,154,124,224,26,187,91
40,105,211,38,216,205,118,96,61,155,35
34,100,49,134,26,192,11,131,90,142,234
34,104,65,122,25,190,42,134,93,143,241
34,117,70,114,18,191,31,127,75,142,224
9,85,162,58,174,73,53,161,18,205,15
43,55,152,66,154,129,126,135,82,149,107
16,163,118,172,209,223,207,16,84,166,58
6,59,38,155,39,60,118,194,35,215,37
21,224,62,157,80,20,162,71,101,144,195
30,212,193,81,49,109,79,45,24,185,30
3,74,183,105,151,27,151,141,152,217,157
40,92,223,53,230,214,113,84,69,158,22
4,93,125,184,38,151,167,55,44,84,97
11,121,213,176,88,196,96,197,140,196,175
13,150,109,54,86,134,154,124,170,174,114
29,108,42,209,53,122,74,27,213,230,214
39,37,111,89,216,8,226,88,100,12,60
18,62,171,158,69,219,139,118,150,192,100
6,48,27,173,61,71,86,197,34,206,29
28,73,201,161,8,83,63,226,126,141,162
39,27,112,82,206,41,246,103,71,0,81
3,70,181,128,137,29,165,155,149,225,171
34,96,66,126,27,202,37,141,75,139,223
1,179,144,142,217,34,20,22,199,188,210
5,134,120,227,31,59,53,152,83,129,62
20,90,167,104,51,2,0,162,120,129,216
20,68,164,85,50,22,15,167,101,124,204
21,232,58,170,62,18,190,86,99,146,207
46,73,106,108,189,68,60,96,88,197,58
10,167,63,177,228,77,146,145,128,63,229
23,82,58,124,15,74,114,109,111,71,141
25,104,224,173,194,223,27,136,133,229,80
40,95,224,27,218,202,125,79,88,133,15
37,189,90,194,165,64,38,200,221,109,149
14,213,86,109,213,204,185,46,222,149,250
8,88,112,39,167,155,66,138,37,136,214
39,19,99,62,208,36,233,108,96,16,54
47,127,231,166,222,222,191,173,223,247,112
47,140,220,158,222,225,158,156,234,248,124
2,220,208,113,203,39,151,52,219,134,104
33,47,187,38,182,188,199,71,88,137,80
28,68,216,157,21,95,38,231,126,129,151
48,24,82,67,101,46,137,100,210,236,137
30,216,193,108,31,107,69,42,24,185,16
35,156,11,120,117,137,154,72,34,111,223
36,48,214,141,114,217,110,168,99,233,176
26,83,27,24,221,149,187,87,145,27,130
33,52,194,30,176,185,189,65,101,148,83
40,103,215,30,238,212,116,101,79,143,15
49,76,134,213,118,118,75,106,122,59,111
36,62,215,137,128,210,125,181,107,206,168
34,95,43,118,35,195,21,127,82,144,233
36,56,216,142,103,206,130,177,111,227,177
15,44,209,59,169,23,198,201,144,86,20
9,86,171,56,157,76,48,147,4,189,27
0,145,186,165,146,104,150,119,216,213,104
38,209,117,220,153,202,207,197,59,131,106
22,152,211,94,202,59,227,166,59,234,172
34,91,60,114,46,196,10,126,89,140,224
30,206,195,94,47,111,64,53,25,175,13
31,185,41,40,32,169,66,99,127,203,172
17,143,20,72,19,200,72,115,225,155,6
25,98,218,199,194,218,33,132,129,229,102
19,97,50,51,231,171,128,68,80,11,114
45,74,236,70,34,204,64,160,31,175,205
32,80,46,17,77,70,117,147,177,69,92
7,221,128,228,147,175,33,81,55,75,45
1,206,136,147,224,34,21,26,199,204,206
12,173,133,229,162,118,173,7,80,171,78
6,47,42,171,49,70,108,183,42,201,41
26,76,31,10,222,170,189,69,143,25,126
32,66,52,34,75,81,115,157,172,65,113
46,80,113,108,175,53,52,117,73,207,76
3,79,186,124,141,13,167,173,167,226,182
23,79,56,135,17,63,108,87,124,90,130
35,157,7,106,111,133,163,78,43,101,229
7,228,118,236,144,166,24,66,20,69,46
23,77,62,119,24,49,107,109,116,57,152
20,84,176,106,66,36,24,161,120,128,223
8,80,111,50,163,136,72,141,27,131,201
24,206,47,143,39,181,99,129,65,41,122
24,188,39,149,32,171,100,144,54,36,128
4,89,96,169,30,167,166,48,53,80,100
42,236,239,100,53,151,128,221,35,175,69
35,157,23,106,120,116,167,74,36,94,244
3,84,192,112,145,21,171,137,151,220,168
23,79,59,145,26,67,110,99,117,78,152
19,99,63,76,220,178,122,57,62,10,91
33,50,192,47,185,185,195,76,94,147,80
15,49,207,43,155,29,201,205,149,98,44
36,61,216,148,109,207,134,187,97,237,162
13,161,110,40,87,130,154,140,171,149,110
30,218,174,98,22,98,65,36,26,180,3
42,231,244,122,71,150,126,231,41,205,92
32,69,42,42,72,69,114,156,171,72,104
49,82,156,221,110,130,62,114,96,60,130
29,123,30,200,56,121,72,35,200,242,228
9,98,183,59,173,78,64,141,20,205,27
19,93,68,64,232,179,115,62,78,15,123
21,243,43,173,73,20,186,87,109,145,215
25,125,222,182,193,214,27,139,152,222,73
16,173,106,169,202,224,212,0,87,173,67
13,156,112,45,83,148,150,134,174,169,104
1,196,137,133,223,26,31,12,211,179,199
0,135,179,149,112,114,164,110,203,233,104
15,42,214,51,147,44,203,203,146,113,24
33,60,187,51,168,182,196,66,111,151,62
45,82,249,69,47,221,58,151,29,173,206
5,148,119,249,42,46,28,146,72,115,73
14,235,94,123,237,196,190,38,226,167,225
39,37,107,61,215,18,234,92,105,8,65
11,98,207,166,79,182,97,228,139,221,151
40,118,245,47,233,206,103,85,74,149,26
0,129,177,160,151,108,173,121,204,219,98
8,98,99,43,177,148,87,118,37,159,228
45,79,232,76,42,226,60,172,34,156,198
36,52,213,147,127,216,135,165,105,227,173
45,87,215,83,41,223,85,176,28,165,187
37,176,87,185,153,66,57,189,227,107,160
3,61,192,122,154,30,152,136,159,217,157
46,66,100,109,169,76,45,120,69,198,67
36,58,232,140,128,206,99,174,112,207,168
30,230,177,96,42,109,57,33,21,185,30
35,163,31,121,132,136,168,74,46,109,221
28,79,211,166,1,90,52,224,137,132,160
12,165,117,224,163,106,130,13,93,166,86
6,50,55,160,59,59,93,195,33,195,26
17,120,38,69,18,187,80,98,217,161,3
22,144,218,79,184,72,241,154,71,215,163
18,66,138,130,60,220,157,134,160,175,87
48,36,72,55,114,39,159,114,223,224,152
16,176,112,171,205,235,216,18,87,175,62
6,57,44,162,44,66,96,196,46,199,30
18,57,149,143,73,219,156,133,146,171,93
5,142,117,226,40,50,31,163,80,118,70
44,96,201,222,29,68,99,198,239,222,215
48,46,89,43,120,53,150,108,213,221,127
13,154,115,39,79,146,150,152,164,162,112
31,194,49,38,30,173,67,114,149,202,184
44,94,189,225,37,75,101,204,235,220,220
7,243,140,233,163,164,30,78,41,76,41
24,203,47,143,62,181,82,134,57,44,112
21,216,74,158,64,39,167,86,87,148,198
32,76,28,42,84,60,127,167,176,72,102
16,170,119,184,215,239,213,33,109,176,44
38,203,113,219,160,200,206,211,60,160,103
27,244,204,98,223,61,240,222,193,163,222
1,194,146,149,222,24,34,32,196,192,209
10,166,92,178,232,63,138,134,168,66,224
16,172,118,187,220,247,194,23,82,168,68
9,93,166,49,162,73,61,151,12,202,20
23,71,70,126,14,64,115,100,132,86,149
7,234,100,229,147,171,34,83,40,69,41
48,26,81,39,109,50,145,93,225,222,154
33,37,201,29,185,187,191,74,97,149,83
0,139,178,164,126,115,157,110,210,226,90
25,102,223,192,177,220,34,159,133,226,86
4,93,104,164,33,162,178,66,32,76,105
41,22,98,30,85,58,52,39,22,45,148
41,23,123,31,70,66,69,50,14,34,147
38,202,134,232,147,198,218,186,52,148,104
30,212,218,108,35,109,92,42,25,174,21
44,102,197,209,36,82,91,200,223,231,225
23,83,75,137,19,60,115,96,112,72,155
21,240,38,160,80,31,172,84,98,156,211
36,43,207,148,134,217,122,176,101,212,163
27,231,221,94,233,67,239,216,188,160,188
48,32,68,61,101,57,156,95,220,226,135
36,62,215,133,127,204,123,170,111,213,156
31,190,40,32,15,163,59,117,136,218,165
26,65,30,28,224,169,200,77,153,19,117
41,20,105,43,70,56,77,40,20,21,148
33,68,171,46,166,185,188,80,97,162,81
13,151,104,45,78,143,148,138,165,163,126
14,219,80,125,206,204,168,57,217,172,241
20,89,180,103,58,41,31,167,127,133,213
17,144,23,60,18,181,50,81,225,166,8
38,207,107,236,138,169,228,193,63,160,100
30,213,192,96,40,101,55,49,8,187,19
39,20,119,75,215,28,225,86,81,2,58
15,39,182,40,156,43,191,178,142,116,36
31,181,45,32,42,161,57,120,145,206,177
0,142,185,155,154,107,152,97,205,232,93
45,67,240,63,61,219,69,170,31,179,211
9,81,157,51,175,78,67,139,27,194,4
6,68,41,158,35,57,84,202,39,204,56
15,44,206,37,148,42,203,197,139,90,31
49,82,154,221,97,132,68,125,119,53,110
44,78,200,241,35,57,92,201,238,226,221
35,163,18,117,130,142,171,76,46,102,221
31,197,60,37,66,158,74,112,134,219,183
34,100,53,146,26,190,43,142,112,160,238
45,85,237,62,44,211,66,169,37,172,212
17,120,14,48,4,176,62,115,213,175,29
39,17,95,66,198,26,223,126,100,18,63
48,31,77,62,113,62,148,92,202,231,122
6,56,47,160,44,56,104,178,29,202,36
40,101,220,50,226,208,113,100,74,157,22
24,185,46,133,40,178,100,143,65,49,137
12,184,117,217,162,117,137,24,80,159,89
21,243,72,167,94,30,193,73,99,137,209
4,92,104,171,39,164,187,65,37,89,106
17,118,46,65,17,189,70,98,211,174,22
41,23,117,21,79,68,82,38,17,34,141
12,187,120,227,152,98,153,14,76,162,71
32,64,50,47,89,82,117,168,170,67,101
43,65,166,86,170,129,120,154,73,178,102
26,74,17,37,224,167,189,74,156,27,131
8,86,122,43,177,130,96,139,17,145,215
49,91,153,206,110,152,76,123,102,64,127
38,197,117,233,144,195,222,188,29,126,109
38,198,119,217,150,184,200,190,67,144,104
13,153,93,53,81,143,134,137,159,171,107
49,75,137,217,109,139,72,126,112,48,115
12,196,131,233,172,111,133,16,77,157,81
43,71,175,85,162,124,122,125,75,180,98
12,180,128,246,158,102,164,19,93,164,65
13,155,99,49,80,131,144,126,137,160,107
8,97,120,34,186,140,69,132,46,126,218
24,197,37,122,39,166,132,143,56,37,114
14,222,87,126,212,197,188,22,220,187,241
27,238,195,91,226,56,230,225,203,154,212
26,76,49,25,212,178,199,76,142,27,112
5,146,104,247,38,77,44,151,74,125,79
42,226,216,104,43,134,136,239,32,193,83
39,38,113,87,204,39,232,110,106,11,54
13,155,104,62,109,150,140,133,158,157,107
4,90,119,177,17,138,156,62,34,76,83
37,186,69,193,150,73,56,192,238,113,142
37,172,90,177,173,84,40,187,231,117,151
12,179,126,230,160,120,150,28,76,160,79
22,154,191,62,199,51,221,161,62,215,176
30,225,194,92,46,111,48,52,48,184,20
37,169,96,183,151,69,39,181,222,115,140
6,53,52,159,53,68,98,191,32,208,43
6,56,33,149,54,61,84,208,45,202,27
23,65,64,131,9,52,107,109,110,74,140
35,153,25,96,135,134,151,62,36,95,223
40,97,232,36,229,207,113,91,63,144,30
4,90,128,163,37,154,161,72,44,89,100
6,42,40,152,54,51,81,197,42,206,45
33,60,212,26,172,198,173,78,89,126,76
44,92,207,220,28,74,92,194,231,225,218
47,114,203,151,197,216,180,176,229,232,125
24,206,34,139,58,187,120,130,54,42,124
23,70,64,115,38,62,104,105,125,65,151
30,218,183,88,35,100,65,63,20,186,18
13,140,116,35,89,140,143,131,154,137,116
0,129,186,159,144,105,153,108,203,252,81
14,213,83,126,212,192,171,38,228,178,231
47,134,213,156,213,213,200,165,217,247,112
3,81,193,113,134,14,154,150,145,220,152
4,104,125,190,31,164,156,71,35,65,103
9,89,153,55,182,84,51,160,26,192,4
14,211,94,139,208,194,175,55,210,172,228
12,157,118,224,155,102,155,17,82,153,94
26,64,18,19,220,174,185,66,161,15,129
21,246,51,171,89,19,179,78,109,149,206
11,122,190,180,93,202,79,204,151,210,155
32,71,40,38,70,81,117,175,168,75,107
21,229,61,157,77,30,182,81,103,162,187
45,95,240,78,40,237,61,183,42,178,197
9,88,173,40,156,84,58,141,23,189,0
4,86,106,175,37,187,168,71,31,69,93
42,225,230,114,39,170,128,241,22,181,82
11,101,197,173,69,199,108,213,146,199,165
21,248,56,164,94,14,186,98,113,149,189
33,50,193,29,164,184,205,73,93,148,78
13,148,120,41,89,137,136,124,158,167,111
19,90,52,76,222,177,114,60,79,25,131
32,78,28,51,91,66,119,163,161,78,90
27,226,217,92,235,83,229,222,197,155,210
21,248,68,176,89,21,191,85,85,139,204
28,80,217,157,28,86,39,235,122,134,152
12,157,137,222,168,120,150,10,59,166,99
43,68,169,79,163,121,111,123,83,175,122
49,94,141,220,112,147,75,107,118,62,138
44,95,197,236,37,60,87,186,242,219,217
22,149,194,79,195,56,214,173,57,229,171
44,89,187,216,26,65,99,202,244,228,214
39,21,118,79,224,27,242,78,99,8,68
25,107,230,197,170,203,21,148,133,236,82
16,181,107,165,221,224,200,30,84,171,56
45,67,238,94,33,211,73,161,29,176,205
21,235,65,159,77,13,178,93,105,141,206
22,160,220,82,199,63,226,174,59,229,199
12,173,142,229,168,106,137,15,89,162,73
20,88,161,97,57,38,14,170,121,115,213
34,95,60,97,31,187,22,130,76,147,225
9,79,159,32,178,76,55,138,27,202,8
43,64,160,81,179,129,105,144,80,173,113
12,183,119,223,160,114,156,25,93,157,90
26,70,36,29,210,142,194,81,127,25,115
47,136,230,158,216,209,185,173,237,235,121
16,169,123,183,216,223,223,5,94,185,44
44,95,198,228,16,73,84,199,237,236,204
24,202,29,131,41,178,85,137,73,48,113
11,119,204,166,96,202,108,215,149,202,163
28,81,204,168,17,85,63,232,119,128,158
30,213,178,91,41,115,62,40,21,173,13
24,206,38,142,40,157,112,148,53,30,114
10,171,77,185,231,75,143,140,154,67,248
42,250,247,113,43,154,141,243,35,179,88
27,231,220,94,230,56,241,204,199,140,205
28,83,183,158,21,100,33,242,109,112,134
28,69,213,155,0,98,31,246,122,121,163
31,176,70,45,38,159,84,99,140,205,174
32,73,52,27,85,65,107,172,172,82,107
39,29,112,71,215,22,213,103,81,10,53
27,228,212,103,240,52,233,220,186,139,199
46,72,73,92,184,81,51,113,79,197,77
27,243,216,100,231,52,232,227,189,149,228
1,184,119,167,220,20,26,23,201,179,222
9,95,161,54,158,81,57,147,19,211,17
48,26,85,48,104,45,146,104,222,232,138
41,0,123,51,68,78,65,49,7,48,163
5,150,120,232,39,50,35,161,79,122,73
16,172,108,174,214,240,216,16,97,167,58
